Timing Analyzer report for lab6
Mon Apr 27 13:14:30 2026
Quartus Prime Version 21.1.1 Build 850 06/23/2022 SJ Lite Edition


---------------------
; Table of Contents ;
---------------------
  1. Legal Notice
  2. Timing Analyzer Summary
  3. Parallel Compilation
  4. Clocks
  5. Slow 1200mV 85C Model Fmax Summary
  6. Timing Closure Recommendations
  7. Slow 1200mV 85C Model Setup Summary
  8. Slow 1200mV 85C Model Hold Summary
  9. Slow 1200mV 85C Model Recovery Summary
 10. Slow 1200mV 85C Model Removal Summary
 11. Slow 1200mV 85C Model Minimum Pulse Width Summary
 12. Slow 1200mV 85C Model Setup: 'pll_inst|altpll_component|auto_generated|pll1|clk[0]'
 13. Slow 1200mV 85C Model Hold: 'pll_inst|altpll_component|auto_generated|pll1|clk[0]'
 14. Slow 1200mV 85C Model Metastability Summary
 15. Slow 1200mV 0C Model Fmax Summary
 16. Slow 1200mV 0C Model Setup Summary
 17. Slow 1200mV 0C Model Hold Summary
 18. Slow 1200mV 0C Model Recovery Summary
 19. Slow 1200mV 0C Model Removal Summary
 20. Slow 1200mV 0C Model Minimum Pulse Width Summary
 21. Slow 1200mV 0C Model Setup: 'pll_inst|altpll_component|auto_generated|pll1|clk[0]'
 22. Slow 1200mV 0C Model Hold: 'pll_inst|altpll_component|auto_generated|pll1|clk[0]'
 23. Slow 1200mV 0C Model Metastability Summary
 24. Fast 1200mV 0C Model Setup Summary
 25. Fast 1200mV 0C Model Hold Summary
 26. Fast 1200mV 0C Model Recovery Summary
 27. Fast 1200mV 0C Model Removal Summary
 28. Fast 1200mV 0C Model Minimum Pulse Width Summary
 29. Fast 1200mV 0C Model Setup: 'pll_inst|altpll_component|auto_generated|pll1|clk[0]'
 30. Fast 1200mV 0C Model Hold: 'pll_inst|altpll_component|auto_generated|pll1|clk[0]'
 31. Fast 1200mV 0C Model Metastability Summary
 32. Multicorner Timing Analysis Summary
 33. Board Trace Model Assignments
 34. Input Transition Times
 35. Signal Integrity Metrics (Slow 1200mv 0c Model)
 36. Signal Integrity Metrics (Slow 1200mv 85c Model)
 37. Signal Integrity Metrics (Fast 1200mv 0c Model)
 38. Setup Transfers
 39. Hold Transfers
 40. Report TCCS
 41. Report RSKM
 42. Unconstrained Paths Summary
 43. Clock Status Summary
 44. Unconstrained Input Ports
 45. Unconstrained Output Ports
 46. Unconstrained Input Ports
 47. Unconstrained Output Ports
 48. Timing Analyzer Messages



----------------
; Legal Notice ;
----------------
Copyright (C) 2022  Intel Corporation. All rights reserved.
Your use of Intel Corporation's design tools, logic functions 
and other software and tools, and any partner logic 
functions, and any output files from any of the foregoing 
(including device programming or simulation files), and any 
associated documentation or information are expressly subject 
to the terms and conditions of the Intel Program License 
Subscription Agreement, the Intel Quartus Prime License Agreement,
the Intel FPGA IP License Agreement, or other applicable license
agreement, including, without limitation, that your use is for
the sole purpose of programming logic devices manufactured by
Intel and sold by Intel or its authorized distributors.  Please
refer to the applicable agreement for further details, at
https://fpgasoftware.intel.com/eula.



+-----------------------------------------------------------------------------+
; Timing Analyzer Summary                                                     ;
+-----------------------+-----------------------------------------------------+
; Quartus Prime Version ; Version 21.1.1 Build 850 06/23/2022 SJ Lite Edition ;
; Timing Analyzer       ; Legacy Timing Analyzer                              ;
; Revision Name         ; lab6                                                ;
; Device Family         ; Cyclone IV E                                        ;
; Device Name           ; EP4CE115F29C7                                       ;
; Timing Models         ; Final                                               ;
; Delay Model           ; Combined                                            ;
; Rise/Fall Delays      ; Enabled                                             ;
+-----------------------+-----------------------------------------------------+


+------------------------------------------+
; Parallel Compilation                     ;
+----------------------------+-------------+
; Processors                 ; Number      ;
+----------------------------+-------------+
; Number detected on machine ; 16          ;
; Maximum allowed            ; 16          ;
;                            ;             ;
; Average used               ; 1.99        ;
; Maximum used               ; 16          ;
;                            ;             ;
; Usage by Processor         ; % Time Used ;
;     Processor 1            ; 100.0%      ;
;     Processor 2            ;  23.7%      ;
;     Processor 3            ;   8.6%      ;
;     Processor 4            ;   7.9%      ;
;     Processors 5-16        ;   4.9%      ;
+----------------------------+-------------+


+----------------------------------------------------------------------------------------------------------------------------------------------------------------------------------------------------------------------------------------------------------------------------------------------------------------------------------+
; Clocks                                                                                                                                                                                                                                                                                                                           ;
+------------------------------------------------------+-----------+---------+-----------+-------+--------+------------+-----------+-------------+-------+--------+-----------+------------+----------+--------+--------------------------------------------------------+----------------------------------------------------------+
; Clock Name                                           ; Type      ; Period  ; Frequency ; Rise  ; Fall   ; Duty Cycle ; Divide by ; Multiply by ; Phase ; Offset ; Edge List ; Edge Shift ; Inverted ; Master ; Source                                                 ; Targets                                                  ;
+------------------------------------------------------+-----------+---------+-----------+-------+--------+------------+-----------+-------------+-------+--------+-----------+------------+----------+--------+--------------------------------------------------------+----------------------------------------------------------+
; clk                                                  ; Base      ; 20.000  ; 50.0 MHz  ; 0.000 ; 10.000 ;            ;           ;             ;       ;        ;           ;            ;          ;        ;                                                        ; { clk }                                                  ;
; pll_inst|altpll_component|auto_generated|pll1|clk[0] ; Generated ; 100.000 ; 10.0 MHz  ; 0.000 ; 50.000 ; 50.00      ; 5         ; 1           ;       ;        ;           ;            ; false    ; clk    ; pll_inst|altpll_component|auto_generated|pll1|inclk[0] ; { pll_inst|altpll_component|auto_generated|pll1|clk[0] } ;
+------------------------------------------------------+-----------+---------+-----------+-------+--------+------------+-----------+-------------+-------+--------+-----------+------------+----------+--------+--------------------------------------------------------+----------------------------------------------------------+


+------------------------------------------------------------------------------------------+
; Slow 1200mV 85C Model Fmax Summary                                                       ;
+----------+-----------------+------------------------------------------------------+------+
; Fmax     ; Restricted Fmax ; Clock Name                                           ; Note ;
+----------+-----------------+------------------------------------------------------+------+
; 25.8 MHz ; 25.8 MHz        ; pll_inst|altpll_component|auto_generated|pll1|clk[0] ;      ;
+----------+-----------------+------------------------------------------------------+------+
This panel reports FMAX for every clock in the design, regardless of the user-specified clock periods.  FMAX is only computed for paths where the source and destination registers or ports are driven by the same clock.  Paths of different clocks, including generated clocks, are ignored.  For paths between a clock and its inversion, FMAX is computed as if the rising and falling edges are scaled along with FMAX, such that the duty cycle (in terms of a percentage) is maintained. Altera recommends that you always use clock constraints and other slack reports for sign-off analysis.


----------------------------------
; Timing Closure Recommendations ;
----------------------------------
HTML report is unavailable in plain text report export.


+-------------------------------------------------------------------------------+
; Slow 1200mV 85C Model Setup Summary                                           ;
+------------------------------------------------------+--------+---------------+
; Clock                                                ; Slack  ; End Point TNS ;
+------------------------------------------------------+--------+---------------+
; pll_inst|altpll_component|auto_generated|pll1|clk[0] ; 61.244 ; 0.000         ;
+------------------------------------------------------+--------+---------------+


+------------------------------------------------------------------------------+
; Slow 1200mV 85C Model Hold Summary                                           ;
+------------------------------------------------------+-------+---------------+
; Clock                                                ; Slack ; End Point TNS ;
+------------------------------------------------------+-------+---------------+
; pll_inst|altpll_component|auto_generated|pll1|clk[0] ; 0.442 ; 0.000         ;
+------------------------------------------------------+-------+---------------+


------------------------------------------
; Slow 1200mV 85C Model Recovery Summary ;
------------------------------------------
No paths to report.


-----------------------------------------
; Slow 1200mV 85C Model Removal Summary ;
-----------------------------------------
No paths to report.


+-------------------------------------------------------------------------------+
; Slow 1200mV 85C Model Minimum Pulse Width Summary                             ;
+------------------------------------------------------+--------+---------------+
; Clock                                                ; Slack  ; End Point TNS ;
+------------------------------------------------------+--------+---------------+
; clk                                                  ; 9.891  ; 0.000         ;
; pll_inst|altpll_component|auto_generated|pll1|clk[0] ; 49.705 ; 0.000         ;
+------------------------------------------------------+--------+---------------+


+--------------------------------------------------------------------------------------------------------------------------------------------------------------------------------------------------------------------------------------------------------------------------+
; Slow 1200mV 85C Model Setup: 'pll_inst|altpll_component|auto_generated|pll1|clk[0]'                                                                                                                                                                                      ;
+--------+-------------------------------------------+--------------------------------------------------------------+------------------------------------------------------+------------------------------------------------------+--------------+------------+------------+
; Slack  ; From Node                                 ; To Node                                                      ; Launch Clock                                         ; Latch Clock                                          ; Relationship ; Clock Skew ; Data Delay ;
+--------+-------------------------------------------+--------------------------------------------------------------+------------------------------------------------------+------------------------------------------------------+--------------+------------+------------+
; 61.244 ; sc_cpu:cpu|sc_datapath:datapath|pc_reg[7] ; sc_cpu:cpu|sc_datapath:datapath|sc_regfile:regfile|regs~41   ; pll_inst|altpll_component|auto_generated|pll1|clk[0] ; pll_inst|altpll_component|auto_generated|pll1|clk[0] ; 100.000      ; -0.122     ; 38.632     ;
; 61.278 ; sc_cpu:cpu|sc_datapath:datapath|pc_reg[7] ; sc_cpu:cpu|sc_datapath:datapath|sc_regfile:regfile|regs~73   ; pll_inst|altpll_component|auto_generated|pll1|clk[0] ; pll_inst|altpll_component|auto_generated|pll1|clk[0] ; 100.000      ; -0.122     ; 38.598     ;
; 61.525 ; sc_cpu:cpu|sc_datapath:datapath|pc_reg[8] ; sc_cpu:cpu|sc_datapath:datapath|sc_regfile:regfile|regs~41   ; pll_inst|altpll_component|auto_generated|pll1|clk[0] ; pll_inst|altpll_component|auto_generated|pll1|clk[0] ; 100.000      ; -0.122     ; 38.351     ;
; 61.537 ; sc_cpu:cpu|sc_datapath:datapath|pc_reg[7] ; sc_cpu:cpu|sc_datapath:datapath|sc_regfile:regfile|regs~553  ; pll_inst|altpll_component|auto_generated|pll1|clk[0] ; pll_inst|altpll_component|auto_generated|pll1|clk[0] ; 100.000      ; -0.112     ; 38.349     ;
; 61.559 ; sc_cpu:cpu|sc_datapath:datapath|pc_reg[8] ; sc_cpu:cpu|sc_datapath:datapath|sc_regfile:regfile|regs~73   ; pll_inst|altpll_component|auto_generated|pll1|clk[0] ; pll_inst|altpll_component|auto_generated|pll1|clk[0] ; 100.000      ; -0.122     ; 38.317     ;
; 61.571 ; sc_cpu:cpu|sc_datapath:datapath|pc_reg[7] ; sc_cpu:cpu|sc_datapath:datapath|sc_regfile:regfile|regs~681  ; pll_inst|altpll_component|auto_generated|pll1|clk[0] ; pll_inst|altpll_component|auto_generated|pll1|clk[0] ; 100.000      ; -0.112     ; 38.315     ;
; 61.618 ; sc_cpu:cpu|sc_datapath:datapath|pc_reg[9] ; sc_cpu:cpu|sc_datapath:datapath|sc_regfile:regfile|regs~41   ; pll_inst|altpll_component|auto_generated|pll1|clk[0] ; pll_inst|altpll_component|auto_generated|pll1|clk[0] ; 100.000      ; -0.122     ; 38.258     ;
; 61.652 ; sc_cpu:cpu|sc_datapath:datapath|pc_reg[9] ; sc_cpu:cpu|sc_datapath:datapath|sc_regfile:regfile|regs~73   ; pll_inst|altpll_component|auto_generated|pll1|clk[0] ; pll_inst|altpll_component|auto_generated|pll1|clk[0] ; 100.000      ; -0.122     ; 38.224     ;
; 61.716 ; sc_cpu:cpu|sc_datapath:datapath|pc_reg[7] ; sc_cpu:cpu|sc_datapath:datapath|sc_regfile:regfile|regs~937  ; pll_inst|altpll_component|auto_generated|pll1|clk[0] ; pll_inst|altpll_component|auto_generated|pll1|clk[0] ; 100.000      ; -0.111     ; 38.171     ;
; 61.767 ; sc_cpu:cpu|sc_datapath:datapath|pc_reg[4] ; sc_cpu:cpu|sc_datapath:datapath|sc_regfile:regfile|regs~41   ; pll_inst|altpll_component|auto_generated|pll1|clk[0] ; pll_inst|altpll_component|auto_generated|pll1|clk[0] ; 100.000      ; -0.122     ; 38.109     ;
; 61.784 ; sc_cpu:cpu|sc_datapath:datapath|pc_reg[3] ; sc_cpu:cpu|sc_datapath:datapath|sc_regfile:regfile|regs~41   ; pll_inst|altpll_component|auto_generated|pll1|clk[0] ; pll_inst|altpll_component|auto_generated|pll1|clk[0] ; 100.000      ; -0.122     ; 38.092     ;
; 61.801 ; sc_cpu:cpu|sc_datapath:datapath|pc_reg[4] ; sc_cpu:cpu|sc_datapath:datapath|sc_regfile:regfile|regs~73   ; pll_inst|altpll_component|auto_generated|pll1|clk[0] ; pll_inst|altpll_component|auto_generated|pll1|clk[0] ; 100.000      ; -0.122     ; 38.075     ;
; 61.818 ; sc_cpu:cpu|sc_datapath:datapath|pc_reg[8] ; sc_cpu:cpu|sc_datapath:datapath|sc_regfile:regfile|regs~553  ; pll_inst|altpll_component|auto_generated|pll1|clk[0] ; pll_inst|altpll_component|auto_generated|pll1|clk[0] ; 100.000      ; -0.112     ; 38.068     ;
; 61.818 ; sc_cpu:cpu|sc_datapath:datapath|pc_reg[3] ; sc_cpu:cpu|sc_datapath:datapath|sc_regfile:regfile|regs~73   ; pll_inst|altpll_component|auto_generated|pll1|clk[0] ; pll_inst|altpll_component|auto_generated|pll1|clk[0] ; 100.000      ; -0.122     ; 38.058     ;
; 61.852 ; sc_cpu:cpu|sc_datapath:datapath|pc_reg[8] ; sc_cpu:cpu|sc_datapath:datapath|sc_regfile:regfile|regs~681  ; pll_inst|altpll_component|auto_generated|pll1|clk[0] ; pll_inst|altpll_component|auto_generated|pll1|clk[0] ; 100.000      ; -0.112     ; 38.034     ;
; 61.911 ; sc_cpu:cpu|sc_datapath:datapath|pc_reg[9] ; sc_cpu:cpu|sc_datapath:datapath|sc_regfile:regfile|regs~553  ; pll_inst|altpll_component|auto_generated|pll1|clk[0] ; pll_inst|altpll_component|auto_generated|pll1|clk[0] ; 100.000      ; -0.112     ; 37.975     ;
; 61.918 ; sc_cpu:cpu|sc_datapath:datapath|pc_reg[7] ; sc_cpu:cpu|sc_datapath:datapath|sc_regfile:regfile|regs~1001 ; pll_inst|altpll_component|auto_generated|pll1|clk[0] ; pll_inst|altpll_component|auto_generated|pll1|clk[0] ; 100.000      ; -0.084     ; 37.996     ;
; 61.945 ; sc_cpu:cpu|sc_datapath:datapath|pc_reg[9] ; sc_cpu:cpu|sc_datapath:datapath|sc_regfile:regfile|regs~681  ; pll_inst|altpll_component|auto_generated|pll1|clk[0] ; pll_inst|altpll_component|auto_generated|pll1|clk[0] ; 100.000      ; -0.112     ; 37.941     ;
; 61.954 ; sc_cpu:cpu|sc_datapath:datapath|pc_reg[7] ; sc_cpu:cpu|sc_datapath:datapath|sc_regfile:regfile|regs~745  ; pll_inst|altpll_component|auto_generated|pll1|clk[0] ; pll_inst|altpll_component|auto_generated|pll1|clk[0] ; 100.000      ; -0.084     ; 37.960     ;
; 61.956 ; sc_cpu:cpu|sc_datapath:datapath|pc_reg[7] ; sc_cpu:cpu|sc_datapath:datapath|sc_regfile:regfile|regs~169  ; pll_inst|altpll_component|auto_generated|pll1|clk[0] ; pll_inst|altpll_component|auto_generated|pll1|clk[0] ; 100.000      ; -0.106     ; 37.936     ;
; 61.963 ; sc_cpu:cpu|sc_datapath:datapath|pc_reg[7] ; sc_cpu:cpu|sc_datapath:datapath|sc_regfile:regfile|regs~233  ; pll_inst|altpll_component|auto_generated|pll1|clk[0] ; pll_inst|altpll_component|auto_generated|pll1|clk[0] ; 100.000      ; -0.106     ; 37.929     ;
; 61.997 ; sc_cpu:cpu|sc_datapath:datapath|pc_reg[8] ; sc_cpu:cpu|sc_datapath:datapath|sc_regfile:regfile|regs~937  ; pll_inst|altpll_component|auto_generated|pll1|clk[0] ; pll_inst|altpll_component|auto_generated|pll1|clk[0] ; 100.000      ; -0.111     ; 37.890     ;
; 62.008 ; sc_cpu:cpu|sc_datapath:datapath|pc_reg[7] ; sc_cpu:cpu|sc_datapath:datapath|sc_regfile:regfile|regs~905  ; pll_inst|altpll_component|auto_generated|pll1|clk[0] ; pll_inst|altpll_component|auto_generated|pll1|clk[0] ; 100.000      ; -0.134     ; 37.856     ;
; 62.016 ; sc_cpu:cpu|sc_datapath:datapath|pc_reg[2] ; sc_cpu:cpu|sc_datapath:datapath|sc_regfile:regfile|regs~41   ; pll_inst|altpll_component|auto_generated|pll1|clk[0] ; pll_inst|altpll_component|auto_generated|pll1|clk[0] ; 100.000      ; -0.122     ; 37.860     ;
; 62.039 ; sc_cpu:cpu|sc_datapath:datapath|pc_reg[7] ; sc_cpu:cpu|sc_datapath:datapath|sc_regfile:regfile|regs~777  ; pll_inst|altpll_component|auto_generated|pll1|clk[0] ; pll_inst|altpll_component|auto_generated|pll1|clk[0] ; 100.000      ; -0.134     ; 37.825     ;
; 62.042 ; sc_cpu:cpu|sc_datapath:datapath|pc_reg[7] ; sc_cpu:cpu|sc_datapath:datapath|sc_regfile:regfile|regs~521  ; pll_inst|altpll_component|auto_generated|pll1|clk[0] ; pll_inst|altpll_component|auto_generated|pll1|clk[0] ; 100.000      ; -0.132     ; 37.824     ;
; 62.050 ; sc_cpu:cpu|sc_datapath:datapath|pc_reg[2] ; sc_cpu:cpu|sc_datapath:datapath|sc_regfile:regfile|regs~73   ; pll_inst|altpll_component|auto_generated|pll1|clk[0] ; pll_inst|altpll_component|auto_generated|pll1|clk[0] ; 100.000      ; -0.122     ; 37.826     ;
; 62.060 ; sc_cpu:cpu|sc_datapath:datapath|pc_reg[4] ; sc_cpu:cpu|sc_datapath:datapath|sc_regfile:regfile|regs~553  ; pll_inst|altpll_component|auto_generated|pll1|clk[0] ; pll_inst|altpll_component|auto_generated|pll1|clk[0] ; 100.000      ; -0.112     ; 37.826     ;
; 62.076 ; sc_cpu:cpu|sc_datapath:datapath|pc_reg[7] ; sc_cpu:cpu|sc_datapath:datapath|sc_regfile:regfile|regs~649  ; pll_inst|altpll_component|auto_generated|pll1|clk[0] ; pll_inst|altpll_component|auto_generated|pll1|clk[0] ; 100.000      ; -0.132     ; 37.790     ;
; 62.077 ; sc_cpu:cpu|sc_datapath:datapath|pc_reg[3] ; sc_cpu:cpu|sc_datapath:datapath|sc_regfile:regfile|regs~553  ; pll_inst|altpll_component|auto_generated|pll1|clk[0] ; pll_inst|altpll_component|auto_generated|pll1|clk[0] ; 100.000      ; -0.112     ; 37.809     ;
; 62.090 ; sc_cpu:cpu|sc_datapath:datapath|pc_reg[9] ; sc_cpu:cpu|sc_datapath:datapath|sc_regfile:regfile|regs~937  ; pll_inst|altpll_component|auto_generated|pll1|clk[0] ; pll_inst|altpll_component|auto_generated|pll1|clk[0] ; 100.000      ; -0.111     ; 37.797     ;
; 62.094 ; sc_cpu:cpu|sc_datapath:datapath|pc_reg[4] ; sc_cpu:cpu|sc_datapath:datapath|sc_regfile:regfile|regs~681  ; pll_inst|altpll_component|auto_generated|pll1|clk[0] ; pll_inst|altpll_component|auto_generated|pll1|clk[0] ; 100.000      ; -0.112     ; 37.792     ;
; 62.111 ; sc_cpu:cpu|sc_datapath:datapath|pc_reg[3] ; sc_cpu:cpu|sc_datapath:datapath|sc_regfile:regfile|regs~681  ; pll_inst|altpll_component|auto_generated|pll1|clk[0] ; pll_inst|altpll_component|auto_generated|pll1|clk[0] ; 100.000      ; -0.112     ; 37.775     ;
; 62.191 ; sc_cpu:cpu|sc_datapath:datapath|pc_reg[5] ; sc_cpu:cpu|sc_datapath:datapath|sc_regfile:regfile|regs~41   ; pll_inst|altpll_component|auto_generated|pll1|clk[0] ; pll_inst|altpll_component|auto_generated|pll1|clk[0] ; 100.000      ; -0.122     ; 37.685     ;
; 62.199 ; sc_cpu:cpu|sc_datapath:datapath|pc_reg[8] ; sc_cpu:cpu|sc_datapath:datapath|sc_regfile:regfile|regs~1001 ; pll_inst|altpll_component|auto_generated|pll1|clk[0] ; pll_inst|altpll_component|auto_generated|pll1|clk[0] ; 100.000      ; -0.084     ; 37.715     ;
; 62.225 ; sc_cpu:cpu|sc_datapath:datapath|pc_reg[5] ; sc_cpu:cpu|sc_datapath:datapath|sc_regfile:regfile|regs~73   ; pll_inst|altpll_component|auto_generated|pll1|clk[0] ; pll_inst|altpll_component|auto_generated|pll1|clk[0] ; 100.000      ; -0.122     ; 37.651     ;
; 62.235 ; sc_cpu:cpu|sc_datapath:datapath|pc_reg[8] ; sc_cpu:cpu|sc_datapath:datapath|sc_regfile:regfile|regs~745  ; pll_inst|altpll_component|auto_generated|pll1|clk[0] ; pll_inst|altpll_component|auto_generated|pll1|clk[0] ; 100.000      ; -0.084     ; 37.679     ;
; 62.237 ; sc_cpu:cpu|sc_datapath:datapath|pc_reg[8] ; sc_cpu:cpu|sc_datapath:datapath|sc_regfile:regfile|regs~169  ; pll_inst|altpll_component|auto_generated|pll1|clk[0] ; pll_inst|altpll_component|auto_generated|pll1|clk[0] ; 100.000      ; -0.106     ; 37.655     ;
; 62.239 ; sc_cpu:cpu|sc_datapath:datapath|pc_reg[4] ; sc_cpu:cpu|sc_datapath:datapath|sc_regfile:regfile|regs~937  ; pll_inst|altpll_component|auto_generated|pll1|clk[0] ; pll_inst|altpll_component|auto_generated|pll1|clk[0] ; 100.000      ; -0.111     ; 37.648     ;
; 62.241 ; sc_cpu:cpu|sc_datapath:datapath|pc_reg[7] ; sc_cpu:cpu|sc_datapath:datapath|sc_regfile:regfile|regs~617  ; pll_inst|altpll_component|auto_generated|pll1|clk[0] ; pll_inst|altpll_component|auto_generated|pll1|clk[0] ; 100.000      ; -0.084     ; 37.673     ;
; 62.244 ; sc_cpu:cpu|sc_datapath:datapath|pc_reg[8] ; sc_cpu:cpu|sc_datapath:datapath|sc_regfile:regfile|regs~233  ; pll_inst|altpll_component|auto_generated|pll1|clk[0] ; pll_inst|altpll_component|auto_generated|pll1|clk[0] ; 100.000      ; -0.106     ; 37.648     ;
; 62.254 ; sc_cpu:cpu|sc_datapath:datapath|pc_reg[7] ; sc_cpu:cpu|sc_datapath:datapath|sc_regfile:regfile|regs~9    ; pll_inst|altpll_component|auto_generated|pll1|clk[0] ; pll_inst|altpll_component|auto_generated|pll1|clk[0] ; 100.000      ; -0.120     ; 37.624     ;
; 62.256 ; sc_cpu:cpu|sc_datapath:datapath|pc_reg[7] ; sc_cpu:cpu|sc_datapath:datapath|sc_regfile:regfile|regs~265  ; pll_inst|altpll_component|auto_generated|pll1|clk[0] ; pll_inst|altpll_component|auto_generated|pll1|clk[0] ; 100.000      ; -0.120     ; 37.622     ;
; 62.256 ; sc_cpu:cpu|sc_datapath:datapath|pc_reg[3] ; sc_cpu:cpu|sc_datapath:datapath|sc_regfile:regfile|regs~937  ; pll_inst|altpll_component|auto_generated|pll1|clk[0] ; pll_inst|altpll_component|auto_generated|pll1|clk[0] ; 100.000      ; -0.111     ; 37.631     ;
; 62.275 ; sc_cpu:cpu|sc_datapath:datapath|pc_reg[7] ; sc_cpu:cpu|sc_datapath:datapath|sc_regfile:regfile|regs~873  ; pll_inst|altpll_component|auto_generated|pll1|clk[0] ; pll_inst|altpll_component|auto_generated|pll1|clk[0] ; 100.000      ; -0.084     ; 37.639     ;
; 62.289 ; sc_cpu:cpu|sc_datapath:datapath|pc_reg[8] ; sc_cpu:cpu|sc_datapath:datapath|sc_regfile:regfile|regs~905  ; pll_inst|altpll_component|auto_generated|pll1|clk[0] ; pll_inst|altpll_component|auto_generated|pll1|clk[0] ; 100.000      ; -0.134     ; 37.575     ;
; 62.292 ; sc_cpu:cpu|sc_datapath:datapath|pc_reg[9] ; sc_cpu:cpu|sc_datapath:datapath|sc_regfile:regfile|regs~1001 ; pll_inst|altpll_component|auto_generated|pll1|clk[0] ; pll_inst|altpll_component|auto_generated|pll1|clk[0] ; 100.000      ; -0.084     ; 37.622     ;
; 62.305 ; sc_cpu:cpu|sc_datapath:datapath|pc_reg[7] ; sc_cpu:cpu|sc_datapath:datapath|sc_regfile:regfile|regs~137  ; pll_inst|altpll_component|auto_generated|pll1|clk[0] ; pll_inst|altpll_component|auto_generated|pll1|clk[0] ; 100.000      ; -0.097     ; 37.596     ;
; 62.306 ; sc_cpu:cpu|sc_datapath:datapath|pc_reg[7] ; sc_cpu:cpu|sc_datapath:datapath|sc_regfile:regfile|regs~105  ; pll_inst|altpll_component|auto_generated|pll1|clk[0] ; pll_inst|altpll_component|auto_generated|pll1|clk[0] ; 100.000      ; -0.097     ; 37.595     ;
; 62.309 ; sc_cpu:cpu|sc_datapath:datapath|pc_reg[2] ; sc_cpu:cpu|sc_datapath:datapath|sc_regfile:regfile|regs~553  ; pll_inst|altpll_component|auto_generated|pll1|clk[0] ; pll_inst|altpll_component|auto_generated|pll1|clk[0] ; 100.000      ; -0.112     ; 37.577     ;
; 62.320 ; sc_cpu:cpu|sc_datapath:datapath|pc_reg[8] ; sc_cpu:cpu|sc_datapath:datapath|sc_regfile:regfile|regs~777  ; pll_inst|altpll_component|auto_generated|pll1|clk[0] ; pll_inst|altpll_component|auto_generated|pll1|clk[0] ; 100.000      ; -0.134     ; 37.544     ;
; 62.323 ; sc_cpu:cpu|sc_datapath:datapath|pc_reg[8] ; sc_cpu:cpu|sc_datapath:datapath|sc_regfile:regfile|regs~521  ; pll_inst|altpll_component|auto_generated|pll1|clk[0] ; pll_inst|altpll_component|auto_generated|pll1|clk[0] ; 100.000      ; -0.132     ; 37.543     ;
; 62.328 ; sc_cpu:cpu|sc_datapath:datapath|pc_reg[9] ; sc_cpu:cpu|sc_datapath:datapath|sc_regfile:regfile|regs~745  ; pll_inst|altpll_component|auto_generated|pll1|clk[0] ; pll_inst|altpll_component|auto_generated|pll1|clk[0] ; 100.000      ; -0.084     ; 37.586     ;
; 62.330 ; sc_cpu:cpu|sc_datapath:datapath|pc_reg[9] ; sc_cpu:cpu|sc_datapath:datapath|sc_regfile:regfile|regs~169  ; pll_inst|altpll_component|auto_generated|pll1|clk[0] ; pll_inst|altpll_component|auto_generated|pll1|clk[0] ; 100.000      ; -0.106     ; 37.562     ;
; 62.337 ; sc_cpu:cpu|sc_datapath:datapath|pc_reg[9] ; sc_cpu:cpu|sc_datapath:datapath|sc_regfile:regfile|regs~233  ; pll_inst|altpll_component|auto_generated|pll1|clk[0] ; pll_inst|altpll_component|auto_generated|pll1|clk[0] ; 100.000      ; -0.106     ; 37.555     ;
; 62.343 ; sc_cpu:cpu|sc_datapath:datapath|pc_reg[2] ; sc_cpu:cpu|sc_datapath:datapath|sc_regfile:regfile|regs~681  ; pll_inst|altpll_component|auto_generated|pll1|clk[0] ; pll_inst|altpll_component|auto_generated|pll1|clk[0] ; 100.000      ; -0.112     ; 37.543     ;
; 62.357 ; sc_cpu:cpu|sc_datapath:datapath|pc_reg[8] ; sc_cpu:cpu|sc_datapath:datapath|sc_regfile:regfile|regs~649  ; pll_inst|altpll_component|auto_generated|pll1|clk[0] ; pll_inst|altpll_component|auto_generated|pll1|clk[0] ; 100.000      ; -0.132     ; 37.509     ;
; 62.382 ; sc_cpu:cpu|sc_datapath:datapath|pc_reg[9] ; sc_cpu:cpu|sc_datapath:datapath|sc_regfile:regfile|regs~905  ; pll_inst|altpll_component|auto_generated|pll1|clk[0] ; pll_inst|altpll_component|auto_generated|pll1|clk[0] ; 100.000      ; -0.134     ; 37.482     ;
; 62.403 ; sc_cpu:cpu|sc_datapath:datapath|pc_reg[7] ; sc_cpu:cpu|sc_datapath:datapath|sc_regfile:regfile|regs~841  ; pll_inst|altpll_component|auto_generated|pll1|clk[0] ; pll_inst|altpll_component|auto_generated|pll1|clk[0] ; 100.000      ; -0.095     ; 37.500     ;
; 62.413 ; sc_cpu:cpu|sc_datapath:datapath|pc_reg[9] ; sc_cpu:cpu|sc_datapath:datapath|sc_regfile:regfile|regs~777  ; pll_inst|altpll_component|auto_generated|pll1|clk[0] ; pll_inst|altpll_component|auto_generated|pll1|clk[0] ; 100.000      ; -0.134     ; 37.451     ;
; 62.414 ; sc_cpu:cpu|sc_datapath:datapath|pc_reg[7] ; sc_cpu:cpu|sc_datapath:datapath|sc_regfile:regfile|regs~585  ; pll_inst|altpll_component|auto_generated|pll1|clk[0] ; pll_inst|altpll_component|auto_generated|pll1|clk[0] ; 100.000      ; -0.091     ; 37.493     ;
; 62.416 ; sc_cpu:cpu|sc_datapath:datapath|pc_reg[9] ; sc_cpu:cpu|sc_datapath:datapath|sc_regfile:regfile|regs~521  ; pll_inst|altpll_component|auto_generated|pll1|clk[0] ; pll_inst|altpll_component|auto_generated|pll1|clk[0] ; 100.000      ; -0.132     ; 37.450     ;
; 62.441 ; sc_cpu:cpu|sc_datapath:datapath|pc_reg[4] ; sc_cpu:cpu|sc_datapath:datapath|sc_regfile:regfile|regs~1001 ; pll_inst|altpll_component|auto_generated|pll1|clk[0] ; pll_inst|altpll_component|auto_generated|pll1|clk[0] ; 100.000      ; -0.084     ; 37.473     ;
; 62.443 ; sc_cpu:cpu|sc_datapath:datapath|pc_reg[7] ; sc_cpu:cpu|sc_datapath:datapath|sc_regfile:regfile|regs~809  ; pll_inst|altpll_component|auto_generated|pll1|clk[0] ; pll_inst|altpll_component|auto_generated|pll1|clk[0] ; 100.000      ; -0.091     ; 37.464     ;
; 62.444 ; sc_cpu:cpu|sc_datapath:datapath|pc_reg[7] ; sc_cpu:cpu|sc_datapath:datapath|sc_regfile:regfile|regs~713  ; pll_inst|altpll_component|auto_generated|pll1|clk[0] ; pll_inst|altpll_component|auto_generated|pll1|clk[0] ; 100.000      ; -0.091     ; 37.463     ;
; 62.450 ; sc_cpu:cpu|sc_datapath:datapath|pc_reg[9] ; sc_cpu:cpu|sc_datapath:datapath|sc_regfile:regfile|regs~649  ; pll_inst|altpll_component|auto_generated|pll1|clk[0] ; pll_inst|altpll_component|auto_generated|pll1|clk[0] ; 100.000      ; -0.132     ; 37.416     ;
; 62.458 ; sc_cpu:cpu|sc_datapath:datapath|pc_reg[3] ; sc_cpu:cpu|sc_datapath:datapath|sc_regfile:regfile|regs~1001 ; pll_inst|altpll_component|auto_generated|pll1|clk[0] ; pll_inst|altpll_component|auto_generated|pll1|clk[0] ; 100.000      ; -0.084     ; 37.456     ;
; 62.477 ; sc_cpu:cpu|sc_datapath:datapath|pc_reg[4] ; sc_cpu:cpu|sc_datapath:datapath|sc_regfile:regfile|regs~745  ; pll_inst|altpll_component|auto_generated|pll1|clk[0] ; pll_inst|altpll_component|auto_generated|pll1|clk[0] ; 100.000      ; -0.084     ; 37.437     ;
; 62.479 ; sc_cpu:cpu|sc_datapath:datapath|pc_reg[4] ; sc_cpu:cpu|sc_datapath:datapath|sc_regfile:regfile|regs~169  ; pll_inst|altpll_component|auto_generated|pll1|clk[0] ; pll_inst|altpll_component|auto_generated|pll1|clk[0] ; 100.000      ; -0.106     ; 37.413     ;
; 62.484 ; sc_cpu:cpu|sc_datapath:datapath|pc_reg[5] ; sc_cpu:cpu|sc_datapath:datapath|sc_regfile:regfile|regs~553  ; pll_inst|altpll_component|auto_generated|pll1|clk[0] ; pll_inst|altpll_component|auto_generated|pll1|clk[0] ; 100.000      ; -0.112     ; 37.402     ;
; 62.486 ; sc_cpu:cpu|sc_datapath:datapath|pc_reg[4] ; sc_cpu:cpu|sc_datapath:datapath|sc_regfile:regfile|regs~233  ; pll_inst|altpll_component|auto_generated|pll1|clk[0] ; pll_inst|altpll_component|auto_generated|pll1|clk[0] ; 100.000      ; -0.106     ; 37.406     ;
; 62.488 ; sc_cpu:cpu|sc_datapath:datapath|pc_reg[2] ; sc_cpu:cpu|sc_datapath:datapath|sc_regfile:regfile|regs~937  ; pll_inst|altpll_component|auto_generated|pll1|clk[0] ; pll_inst|altpll_component|auto_generated|pll1|clk[0] ; 100.000      ; -0.111     ; 37.399     ;
; 62.494 ; sc_cpu:cpu|sc_datapath:datapath|pc_reg[3] ; sc_cpu:cpu|sc_datapath:datapath|sc_regfile:regfile|regs~745  ; pll_inst|altpll_component|auto_generated|pll1|clk[0] ; pll_inst|altpll_component|auto_generated|pll1|clk[0] ; 100.000      ; -0.084     ; 37.420     ;
; 62.496 ; sc_cpu:cpu|sc_datapath:datapath|pc_reg[3] ; sc_cpu:cpu|sc_datapath:datapath|sc_regfile:regfile|regs~169  ; pll_inst|altpll_component|auto_generated|pll1|clk[0] ; pll_inst|altpll_component|auto_generated|pll1|clk[0] ; 100.000      ; -0.106     ; 37.396     ;
; 62.503 ; sc_cpu:cpu|sc_datapath:datapath|pc_reg[3] ; sc_cpu:cpu|sc_datapath:datapath|sc_regfile:regfile|regs~233  ; pll_inst|altpll_component|auto_generated|pll1|clk[0] ; pll_inst|altpll_component|auto_generated|pll1|clk[0] ; 100.000      ; -0.106     ; 37.389     ;
; 62.518 ; sc_cpu:cpu|sc_datapath:datapath|pc_reg[5] ; sc_cpu:cpu|sc_datapath:datapath|sc_regfile:regfile|regs~681  ; pll_inst|altpll_component|auto_generated|pll1|clk[0] ; pll_inst|altpll_component|auto_generated|pll1|clk[0] ; 100.000      ; -0.112     ; 37.368     ;
; 62.522 ; sc_cpu:cpu|sc_datapath:datapath|pc_reg[8] ; sc_cpu:cpu|sc_datapath:datapath|sc_regfile:regfile|regs~617  ; pll_inst|altpll_component|auto_generated|pll1|clk[0] ; pll_inst|altpll_component|auto_generated|pll1|clk[0] ; 100.000      ; -0.084     ; 37.392     ;
; 62.531 ; sc_cpu:cpu|sc_datapath:datapath|pc_reg[4] ; sc_cpu:cpu|sc_datapath:datapath|sc_regfile:regfile|regs~905  ; pll_inst|altpll_component|auto_generated|pll1|clk[0] ; pll_inst|altpll_component|auto_generated|pll1|clk[0] ; 100.000      ; -0.134     ; 37.333     ;
; 62.535 ; sc_cpu:cpu|sc_datapath:datapath|pc_reg[8] ; sc_cpu:cpu|sc_datapath:datapath|sc_regfile:regfile|regs~9    ; pll_inst|altpll_component|auto_generated|pll1|clk[0] ; pll_inst|altpll_component|auto_generated|pll1|clk[0] ; 100.000      ; -0.120     ; 37.343     ;
; 62.537 ; sc_cpu:cpu|sc_datapath:datapath|pc_reg[8] ; sc_cpu:cpu|sc_datapath:datapath|sc_regfile:regfile|regs~265  ; pll_inst|altpll_component|auto_generated|pll1|clk[0] ; pll_inst|altpll_component|auto_generated|pll1|clk[0] ; 100.000      ; -0.120     ; 37.341     ;
; 62.548 ; sc_cpu:cpu|sc_datapath:datapath|pc_reg[3] ; sc_cpu:cpu|sc_datapath:datapath|sc_regfile:regfile|regs~905  ; pll_inst|altpll_component|auto_generated|pll1|clk[0] ; pll_inst|altpll_component|auto_generated|pll1|clk[0] ; 100.000      ; -0.134     ; 37.316     ;
; 62.556 ; sc_cpu:cpu|sc_datapath:datapath|pc_reg[8] ; sc_cpu:cpu|sc_datapath:datapath|sc_regfile:regfile|regs~873  ; pll_inst|altpll_component|auto_generated|pll1|clk[0] ; pll_inst|altpll_component|auto_generated|pll1|clk[0] ; 100.000      ; -0.084     ; 37.358     ;
; 62.562 ; sc_cpu:cpu|sc_datapath:datapath|pc_reg[4] ; sc_cpu:cpu|sc_datapath:datapath|sc_regfile:regfile|regs~777  ; pll_inst|altpll_component|auto_generated|pll1|clk[0] ; pll_inst|altpll_component|auto_generated|pll1|clk[0] ; 100.000      ; -0.134     ; 37.302     ;
; 62.565 ; sc_cpu:cpu|sc_datapath:datapath|pc_reg[4] ; sc_cpu:cpu|sc_datapath:datapath|sc_regfile:regfile|regs~521  ; pll_inst|altpll_component|auto_generated|pll1|clk[0] ; pll_inst|altpll_component|auto_generated|pll1|clk[0] ; 100.000      ; -0.132     ; 37.301     ;
; 62.579 ; sc_cpu:cpu|sc_datapath:datapath|pc_reg[3] ; sc_cpu:cpu|sc_datapath:datapath|sc_regfile:regfile|regs~777  ; pll_inst|altpll_component|auto_generated|pll1|clk[0] ; pll_inst|altpll_component|auto_generated|pll1|clk[0] ; 100.000      ; -0.134     ; 37.285     ;
; 62.582 ; sc_cpu:cpu|sc_datapath:datapath|pc_reg[3] ; sc_cpu:cpu|sc_datapath:datapath|sc_regfile:regfile|regs~521  ; pll_inst|altpll_component|auto_generated|pll1|clk[0] ; pll_inst|altpll_component|auto_generated|pll1|clk[0] ; 100.000      ; -0.132     ; 37.284     ;
; 62.586 ; sc_cpu:cpu|sc_datapath:datapath|pc_reg[8] ; sc_cpu:cpu|sc_datapath:datapath|sc_regfile:regfile|regs~137  ; pll_inst|altpll_component|auto_generated|pll1|clk[0] ; pll_inst|altpll_component|auto_generated|pll1|clk[0] ; 100.000      ; -0.097     ; 37.315     ;
; 62.587 ; sc_cpu:cpu|sc_datapath:datapath|pc_reg[8] ; sc_cpu:cpu|sc_datapath:datapath|sc_regfile:regfile|regs~105  ; pll_inst|altpll_component|auto_generated|pll1|clk[0] ; pll_inst|altpll_component|auto_generated|pll1|clk[0] ; 100.000      ; -0.097     ; 37.314     ;
; 62.599 ; sc_cpu:cpu|sc_datapath:datapath|pc_reg[4] ; sc_cpu:cpu|sc_datapath:datapath|sc_regfile:regfile|regs~649  ; pll_inst|altpll_component|auto_generated|pll1|clk[0] ; pll_inst|altpll_component|auto_generated|pll1|clk[0] ; 100.000      ; -0.132     ; 37.267     ;
; 62.610 ; sc_cpu:cpu|sc_datapath:datapath|pc_reg[7] ; sc_cpu:cpu|sc_datapath:datapath|sc_regfile:regfile|regs~969  ; pll_inst|altpll_component|auto_generated|pll1|clk[0] ; pll_inst|altpll_component|auto_generated|pll1|clk[0] ; 100.000      ; -0.093     ; 37.295     ;
; 62.615 ; sc_cpu:cpu|sc_datapath:datapath|pc_reg[9] ; sc_cpu:cpu|sc_datapath:datapath|sc_regfile:regfile|regs~617  ; pll_inst|altpll_component|auto_generated|pll1|clk[0] ; pll_inst|altpll_component|auto_generated|pll1|clk[0] ; 100.000      ; -0.084     ; 37.299     ;
; 62.616 ; sc_cpu:cpu|sc_datapath:datapath|pc_reg[3] ; sc_cpu:cpu|sc_datapath:datapath|sc_regfile:regfile|regs~649  ; pll_inst|altpll_component|auto_generated|pll1|clk[0] ; pll_inst|altpll_component|auto_generated|pll1|clk[0] ; 100.000      ; -0.132     ; 37.250     ;
; 62.628 ; sc_cpu:cpu|sc_datapath:datapath|pc_reg[9] ; sc_cpu:cpu|sc_datapath:datapath|sc_regfile:regfile|regs~9    ; pll_inst|altpll_component|auto_generated|pll1|clk[0] ; pll_inst|altpll_component|auto_generated|pll1|clk[0] ; 100.000      ; -0.120     ; 37.250     ;
; 62.630 ; sc_cpu:cpu|sc_datapath:datapath|pc_reg[9] ; sc_cpu:cpu|sc_datapath:datapath|sc_regfile:regfile|regs~265  ; pll_inst|altpll_component|auto_generated|pll1|clk[0] ; pll_inst|altpll_component|auto_generated|pll1|clk[0] ; 100.000      ; -0.120     ; 37.248     ;
; 62.649 ; sc_cpu:cpu|sc_datapath:datapath|pc_reg[9] ; sc_cpu:cpu|sc_datapath:datapath|sc_regfile:regfile|regs~873  ; pll_inst|altpll_component|auto_generated|pll1|clk[0] ; pll_inst|altpll_component|auto_generated|pll1|clk[0] ; 100.000      ; -0.084     ; 37.265     ;
; 62.663 ; sc_cpu:cpu|sc_datapath:datapath|pc_reg[5] ; sc_cpu:cpu|sc_datapath:datapath|sc_regfile:regfile|regs~937  ; pll_inst|altpll_component|auto_generated|pll1|clk[0] ; pll_inst|altpll_component|auto_generated|pll1|clk[0] ; 100.000      ; -0.111     ; 37.224     ;
; 62.670 ; sc_cpu:cpu|sc_datapath:datapath|pc_reg[7] ; sc_cpu:cpu|sc_datapath:datapath|sc_regfile:regfile|regs~86   ; pll_inst|altpll_component|auto_generated|pll1|clk[0] ; pll_inst|altpll_component|auto_generated|pll1|clk[0] ; 100.000      ; -0.118     ; 37.210     ;
; 62.670 ; sc_cpu:cpu|sc_datapath:datapath|pc_reg[7] ; sc_cpu:cpu|sc_datapath:datapath|sc_regfile:regfile|regs~54   ; pll_inst|altpll_component|auto_generated|pll1|clk[0] ; pll_inst|altpll_component|auto_generated|pll1|clk[0] ; 100.000      ; -0.118     ; 37.210     ;
; 62.672 ; sc_cpu:cpu|sc_datapath:datapath|pc_reg[7] ; sc_cpu:cpu|sc_datapath:datapath|sc_regfile:regfile|regs~201  ; pll_inst|altpll_component|auto_generated|pll1|clk[0] ; pll_inst|altpll_component|auto_generated|pll1|clk[0] ; 100.000      ; -0.095     ; 37.231     ;
; 62.672 ; sc_cpu:cpu|sc_datapath:datapath|pc_reg[7] ; sc_cpu:cpu|sc_datapath:datapath|sc_regfile:regfile|regs~165  ; pll_inst|altpll_component|auto_generated|pll1|clk[0] ; pll_inst|altpll_component|auto_generated|pll1|clk[0] ; 100.000      ; -0.103     ; 37.223     ;
+--------+-------------------------------------------+--------------------------------------------------------------+------------------------------------------------------+------------------------------------------------------+--------------+------------+------------+


+--------------------------------------------------------------------------------------------------------------------------------------------------------------------------------------------------------------------------------------------------------+
; Slow 1200mV 85C Model Hold: 'pll_inst|altpll_component|auto_generated|pll1|clk[0]'                                                                                                                                                                     ;
+-------+--------------------------------------------+--------------------------------------------+------------------------------------------------------+------------------------------------------------------+--------------+------------+------------+
; Slack ; From Node                                  ; To Node                                    ; Launch Clock                                         ; Latch Clock                                          ; Relationship ; Clock Skew ; Data Delay ;
+-------+--------------------------------------------+--------------------------------------------+------------------------------------------------------+------------------------------------------------------+--------------+------------+------------+
; 0.442 ; sc_cpu:cpu|sc_datapath:datapath|pc_reg[31] ; sc_cpu:cpu|sc_datapath:datapath|pc_reg[31] ; pll_inst|altpll_component|auto_generated|pll1|clk[0] ; pll_inst|altpll_component|auto_generated|pll1|clk[0] ; 0.000        ; 0.080      ; 0.708      ;
; 0.656 ; sc_cpu:cpu|sc_datapath:datapath|pc_reg[7]  ; sc_cpu:cpu|sc_datapath:datapath|pc_reg[7]  ; pll_inst|altpll_component|auto_generated|pll1|clk[0] ; pll_inst|altpll_component|auto_generated|pll1|clk[0] ; 0.000        ; 0.080      ; 0.922      ;
; 0.657 ; sc_cpu:cpu|sc_datapath:datapath|pc_reg[23] ; sc_cpu:cpu|sc_datapath:datapath|pc_reg[23] ; pll_inst|altpll_component|auto_generated|pll1|clk[0] ; pll_inst|altpll_component|auto_generated|pll1|clk[0] ; 0.000        ; 0.080      ; 0.923      ;
; 0.657 ; sc_cpu:cpu|sc_datapath:datapath|pc_reg[17] ; sc_cpu:cpu|sc_datapath:datapath|pc_reg[17] ; pll_inst|altpll_component|auto_generated|pll1|clk[0] ; pll_inst|altpll_component|auto_generated|pll1|clk[0] ; 0.000        ; 0.080      ; 0.923      ;
; 0.657 ; sc_cpu:cpu|sc_datapath:datapath|pc_reg[16] ; sc_cpu:cpu|sc_datapath:datapath|pc_reg[16] ; pll_inst|altpll_component|auto_generated|pll1|clk[0] ; pll_inst|altpll_component|auto_generated|pll1|clk[0] ; 0.000        ; 0.080      ; 0.923      ;
; 0.657 ; sc_cpu:cpu|sc_datapath:datapath|pc_reg[15] ; sc_cpu:cpu|sc_datapath:datapath|pc_reg[15] ; pll_inst|altpll_component|auto_generated|pll1|clk[0] ; pll_inst|altpll_component|auto_generated|pll1|clk[0] ; 0.000        ; 0.080      ; 0.923      ;
; 0.657 ; sc_cpu:cpu|sc_datapath:datapath|pc_reg[14] ; sc_cpu:cpu|sc_datapath:datapath|pc_reg[14] ; pll_inst|altpll_component|auto_generated|pll1|clk[0] ; pll_inst|altpll_component|auto_generated|pll1|clk[0] ; 0.000        ; 0.080      ; 0.923      ;
; 0.658 ; sc_cpu:cpu|sc_datapath:datapath|pc_reg[22] ; sc_cpu:cpu|sc_datapath:datapath|pc_reg[22] ; pll_inst|altpll_component|auto_generated|pll1|clk[0] ; pll_inst|altpll_component|auto_generated|pll1|clk[0] ; 0.000        ; 0.080      ; 0.924      ;
; 0.658 ; sc_cpu:cpu|sc_datapath:datapath|pc_reg[20] ; sc_cpu:cpu|sc_datapath:datapath|pc_reg[20] ; pll_inst|altpll_component|auto_generated|pll1|clk[0] ; pll_inst|altpll_component|auto_generated|pll1|clk[0] ; 0.000        ; 0.080      ; 0.924      ;
; 0.658 ; sc_cpu:cpu|sc_datapath:datapath|pc_reg[19] ; sc_cpu:cpu|sc_datapath:datapath|pc_reg[19] ; pll_inst|altpll_component|auto_generated|pll1|clk[0] ; pll_inst|altpll_component|auto_generated|pll1|clk[0] ; 0.000        ; 0.080      ; 0.924      ;
; 0.658 ; sc_cpu:cpu|sc_datapath:datapath|pc_reg[12] ; sc_cpu:cpu|sc_datapath:datapath|pc_reg[12] ; pll_inst|altpll_component|auto_generated|pll1|clk[0] ; pll_inst|altpll_component|auto_generated|pll1|clk[0] ; 0.000        ; 0.080      ; 0.924      ;
; 0.658 ; sc_cpu:cpu|sc_datapath:datapath|pc_reg[11] ; sc_cpu:cpu|sc_datapath:datapath|pc_reg[11] ; pll_inst|altpll_component|auto_generated|pll1|clk[0] ; pll_inst|altpll_component|auto_generated|pll1|clk[0] ; 0.000        ; 0.080      ; 0.924      ;
; 0.658 ; sc_cpu:cpu|sc_datapath:datapath|pc_reg[9]  ; sc_cpu:cpu|sc_datapath:datapath|pc_reg[9]  ; pll_inst|altpll_component|auto_generated|pll1|clk[0] ; pll_inst|altpll_component|auto_generated|pll1|clk[0] ; 0.000        ; 0.080      ; 0.924      ;
; 0.659 ; sc_cpu:cpu|sc_datapath:datapath|pc_reg[29] ; sc_cpu:cpu|sc_datapath:datapath|pc_reg[29] ; pll_inst|altpll_component|auto_generated|pll1|clk[0] ; pll_inst|altpll_component|auto_generated|pll1|clk[0] ; 0.000        ; 0.080      ; 0.925      ;
; 0.659 ; sc_cpu:cpu|sc_datapath:datapath|pc_reg[28] ; sc_cpu:cpu|sc_datapath:datapath|pc_reg[28] ; pll_inst|altpll_component|auto_generated|pll1|clk[0] ; pll_inst|altpll_component|auto_generated|pll1|clk[0] ; 0.000        ; 0.080      ; 0.925      ;
; 0.659 ; sc_cpu:cpu|sc_datapath:datapath|pc_reg[27] ; sc_cpu:cpu|sc_datapath:datapath|pc_reg[27] ; pll_inst|altpll_component|auto_generated|pll1|clk[0] ; pll_inst|altpll_component|auto_generated|pll1|clk[0] ; 0.000        ; 0.080      ; 0.925      ;
; 0.659 ; sc_cpu:cpu|sc_datapath:datapath|pc_reg[25] ; sc_cpu:cpu|sc_datapath:datapath|pc_reg[25] ; pll_inst|altpll_component|auto_generated|pll1|clk[0] ; pll_inst|altpll_component|auto_generated|pll1|clk[0] ; 0.000        ; 0.080      ; 0.925      ;
; 0.659 ; sc_cpu:cpu|sc_datapath:datapath|pc_reg[21] ; sc_cpu:cpu|sc_datapath:datapath|pc_reg[21] ; pll_inst|altpll_component|auto_generated|pll1|clk[0] ; pll_inst|altpll_component|auto_generated|pll1|clk[0] ; 0.000        ; 0.080      ; 0.925      ;
; 0.659 ; sc_cpu:cpu|sc_datapath:datapath|pc_reg[1]  ; sc_cpu:cpu|sc_datapath:datapath|pc_reg[1]  ; pll_inst|altpll_component|auto_generated|pll1|clk[0] ; pll_inst|altpll_component|auto_generated|pll1|clk[0] ; 0.000        ; 0.080      ; 0.925      ;
; 0.660 ; sc_cpu:cpu|sc_datapath:datapath|pc_reg[18] ; sc_cpu:cpu|sc_datapath:datapath|pc_reg[18] ; pll_inst|altpll_component|auto_generated|pll1|clk[0] ; pll_inst|altpll_component|auto_generated|pll1|clk[0] ; 0.000        ; 0.080      ; 0.926      ;
; 0.661 ; sc_cpu:cpu|sc_datapath:datapath|pc_reg[10] ; sc_cpu:cpu|sc_datapath:datapath|pc_reg[10] ; pll_inst|altpll_component|auto_generated|pll1|clk[0] ; pll_inst|altpll_component|auto_generated|pll1|clk[0] ; 0.000        ; 0.080      ; 0.927      ;
; 0.661 ; sc_cpu:cpu|sc_datapath:datapath|pc_reg[8]  ; sc_cpu:cpu|sc_datapath:datapath|pc_reg[8]  ; pll_inst|altpll_component|auto_generated|pll1|clk[0] ; pll_inst|altpll_component|auto_generated|pll1|clk[0] ; 0.000        ; 0.080      ; 0.927      ;
; 0.662 ; sc_cpu:cpu|sc_datapath:datapath|pc_reg[26] ; sc_cpu:cpu|sc_datapath:datapath|pc_reg[26] ; pll_inst|altpll_component|auto_generated|pll1|clk[0] ; pll_inst|altpll_component|auto_generated|pll1|clk[0] ; 0.000        ; 0.080      ; 0.928      ;
; 0.665 ; sc_cpu:cpu|sc_datapath:datapath|pc_reg[4]  ; sc_cpu:cpu|sc_datapath:datapath|pc_reg[4]  ; pll_inst|altpll_component|auto_generated|pll1|clk[0] ; pll_inst|altpll_component|auto_generated|pll1|clk[0] ; 0.000        ; 0.080      ; 0.931      ;
; 0.665 ; sc_cpu:cpu|sc_datapath:datapath|pc_reg[3]  ; sc_cpu:cpu|sc_datapath:datapath|pc_reg[3]  ; pll_inst|altpll_component|auto_generated|pll1|clk[0] ; pll_inst|altpll_component|auto_generated|pll1|clk[0] ; 0.000        ; 0.080      ; 0.931      ;
; 0.666 ; sc_cpu:cpu|sc_datapath:datapath|pc_reg[5]  ; sc_cpu:cpu|sc_datapath:datapath|pc_reg[5]  ; pll_inst|altpll_component|auto_generated|pll1|clk[0] ; pll_inst|altpll_component|auto_generated|pll1|clk[0] ; 0.000        ; 0.080      ; 0.932      ;
; 0.680 ; sc_cpu:cpu|sc_datapath:datapath|pc_reg[13] ; sc_cpu:cpu|sc_datapath:datapath|pc_reg[13] ; pll_inst|altpll_component|auto_generated|pll1|clk[0] ; pll_inst|altpll_component|auto_generated|pll1|clk[0] ; 0.000        ; 0.080      ; 0.946      ;
; 0.680 ; sc_cpu:cpu|sc_datapath:datapath|pc_reg[6]  ; sc_cpu:cpu|sc_datapath:datapath|pc_reg[6]  ; pll_inst|altpll_component|auto_generated|pll1|clk[0] ; pll_inst|altpll_component|auto_generated|pll1|clk[0] ; 0.000        ; 0.080      ; 0.946      ;
; 0.681 ; sc_cpu:cpu|sc_datapath:datapath|pc_reg[30] ; sc_cpu:cpu|sc_datapath:datapath|pc_reg[30] ; pll_inst|altpll_component|auto_generated|pll1|clk[0] ; pll_inst|altpll_component|auto_generated|pll1|clk[0] ; 0.000        ; 0.080      ; 0.947      ;
; 0.685 ; sc_cpu:cpu|sc_datapath:datapath|pc_reg[24] ; sc_cpu:cpu|sc_datapath:datapath|pc_reg[24] ; pll_inst|altpll_component|auto_generated|pll1|clk[0] ; pll_inst|altpll_component|auto_generated|pll1|clk[0] ; 0.000        ; 0.080      ; 0.951      ;
; 0.690 ; sc_cpu:cpu|sc_datapath:datapath|pc_reg[2]  ; sc_cpu:cpu|sc_datapath:datapath|pc_reg[2]  ; pll_inst|altpll_component|auto_generated|pll1|clk[0] ; pll_inst|altpll_component|auto_generated|pll1|clk[0] ; 0.000        ; 0.080      ; 0.956      ;
; 0.868 ; sc_cpu:cpu|sc_datapath:datapath|pc_reg[0]  ; sc_cpu:cpu|sc_datapath:datapath|pc_reg[0]  ; pll_inst|altpll_component|auto_generated|pll1|clk[0] ; pll_inst|altpll_component|auto_generated|pll1|clk[0] ; 0.000        ; 0.080      ; 1.134      ;
; 0.974 ; sc_cpu:cpu|sc_datapath:datapath|pc_reg[15] ; sc_cpu:cpu|sc_datapath:datapath|pc_reg[16] ; pll_inst|altpll_component|auto_generated|pll1|clk[0] ; pll_inst|altpll_component|auto_generated|pll1|clk[0] ; 0.000        ; 0.080      ; 1.240      ;
; 0.974 ; sc_cpu:cpu|sc_datapath:datapath|pc_reg[17] ; sc_cpu:cpu|sc_datapath:datapath|pc_reg[18] ; pll_inst|altpll_component|auto_generated|pll1|clk[0] ; pll_inst|altpll_component|auto_generated|pll1|clk[0] ; 0.000        ; 0.080      ; 1.240      ;
; 0.974 ; sc_cpu:cpu|sc_datapath:datapath|pc_reg[7]  ; sc_cpu:cpu|sc_datapath:datapath|pc_reg[8]  ; pll_inst|altpll_component|auto_generated|pll1|clk[0] ; pll_inst|altpll_component|auto_generated|pll1|clk[0] ; 0.000        ; 0.080      ; 1.240      ;
; 0.975 ; sc_cpu:cpu|sc_datapath:datapath|pc_reg[19] ; sc_cpu:cpu|sc_datapath:datapath|pc_reg[20] ; pll_inst|altpll_component|auto_generated|pll1|clk[0] ; pll_inst|altpll_component|auto_generated|pll1|clk[0] ; 0.000        ; 0.080      ; 1.241      ;
; 0.975 ; sc_cpu:cpu|sc_datapath:datapath|pc_reg[11] ; sc_cpu:cpu|sc_datapath:datapath|pc_reg[12] ; pll_inst|altpll_component|auto_generated|pll1|clk[0] ; pll_inst|altpll_component|auto_generated|pll1|clk[0] ; 0.000        ; 0.080      ; 1.241      ;
; 0.975 ; sc_cpu:cpu|sc_datapath:datapath|pc_reg[9]  ; sc_cpu:cpu|sc_datapath:datapath|pc_reg[10] ; pll_inst|altpll_component|auto_generated|pll1|clk[0] ; pll_inst|altpll_component|auto_generated|pll1|clk[0] ; 0.000        ; 0.080      ; 1.241      ;
; 0.975 ; sc_cpu:cpu|sc_datapath:datapath|pc_reg[23] ; sc_cpu:cpu|sc_datapath:datapath|pc_reg[24] ; pll_inst|altpll_component|auto_generated|pll1|clk[0] ; pll_inst|altpll_component|auto_generated|pll1|clk[0] ; 0.000        ; 0.080      ; 1.241      ;
; 0.976 ; sc_cpu:cpu|sc_datapath:datapath|pc_reg[21] ; sc_cpu:cpu|sc_datapath:datapath|pc_reg[22] ; pll_inst|altpll_component|auto_generated|pll1|clk[0] ; pll_inst|altpll_component|auto_generated|pll1|clk[0] ; 0.000        ; 0.080      ; 1.242      ;
; 0.976 ; sc_cpu:cpu|sc_datapath:datapath|pc_reg[27] ; sc_cpu:cpu|sc_datapath:datapath|pc_reg[28] ; pll_inst|altpll_component|auto_generated|pll1|clk[0] ; pll_inst|altpll_component|auto_generated|pll1|clk[0] ; 0.000        ; 0.080      ; 1.242      ;
; 0.976 ; sc_cpu:cpu|sc_datapath:datapath|pc_reg[25] ; sc_cpu:cpu|sc_datapath:datapath|pc_reg[26] ; pll_inst|altpll_component|auto_generated|pll1|clk[0] ; pll_inst|altpll_component|auto_generated|pll1|clk[0] ; 0.000        ; 0.080      ; 1.242      ;
; 0.976 ; sc_cpu:cpu|sc_datapath:datapath|pc_reg[29] ; sc_cpu:cpu|sc_datapath:datapath|pc_reg[30] ; pll_inst|altpll_component|auto_generated|pll1|clk[0] ; pll_inst|altpll_component|auto_generated|pll1|clk[0] ; 0.000        ; 0.080      ; 1.242      ;
; 0.979 ; sc_cpu:cpu|sc_datapath:datapath|pc_reg[16] ; sc_cpu:cpu|sc_datapath:datapath|pc_reg[17] ; pll_inst|altpll_component|auto_generated|pll1|clk[0] ; pll_inst|altpll_component|auto_generated|pll1|clk[0] ; 0.000        ; 0.085      ; 1.250      ;
; 0.982 ; sc_cpu:cpu|sc_datapath:datapath|pc_reg[3]  ; sc_cpu:cpu|sc_datapath:datapath|pc_reg[4]  ; pll_inst|altpll_component|auto_generated|pll1|clk[0] ; pll_inst|altpll_component|auto_generated|pll1|clk[0] ; 0.000        ; 0.080      ; 1.248      ;
; 0.983 ; sc_cpu:cpu|sc_datapath:datapath|pc_reg[5]  ; sc_cpu:cpu|sc_datapath:datapath|pc_reg[6]  ; pll_inst|altpll_component|auto_generated|pll1|clk[0] ; pll_inst|altpll_component|auto_generated|pll1|clk[0] ; 0.000        ; 0.080      ; 1.249      ;
; 0.984 ; sc_cpu:cpu|sc_datapath:datapath|pc_reg[14] ; sc_cpu:cpu|sc_datapath:datapath|pc_reg[15] ; pll_inst|altpll_component|auto_generated|pll1|clk[0] ; pll_inst|altpll_component|auto_generated|pll1|clk[0] ; 0.000        ; 0.080      ; 1.250      ;
; 0.984 ; sc_cpu:cpu|sc_datapath:datapath|pc_reg[16] ; sc_cpu:cpu|sc_datapath:datapath|pc_reg[18] ; pll_inst|altpll_component|auto_generated|pll1|clk[0] ; pll_inst|altpll_component|auto_generated|pll1|clk[0] ; 0.000        ; 0.085      ; 1.255      ;
; 0.985 ; sc_cpu:cpu|sc_datapath:datapath|pc_reg[22] ; sc_cpu:cpu|sc_datapath:datapath|pc_reg[23] ; pll_inst|altpll_component|auto_generated|pll1|clk[0] ; pll_inst|altpll_component|auto_generated|pll1|clk[0] ; 0.000        ; 0.080      ; 1.251      ;
; 0.985 ; sc_cpu:cpu|sc_datapath:datapath|pc_reg[20] ; sc_cpu:cpu|sc_datapath:datapath|pc_reg[21] ; pll_inst|altpll_component|auto_generated|pll1|clk[0] ; pll_inst|altpll_component|auto_generated|pll1|clk[0] ; 0.000        ; 0.080      ; 1.251      ;
; 0.985 ; sc_cpu:cpu|sc_datapath:datapath|pc_reg[12] ; sc_cpu:cpu|sc_datapath:datapath|pc_reg[13] ; pll_inst|altpll_component|auto_generated|pll1|clk[0] ; pll_inst|altpll_component|auto_generated|pll1|clk[0] ; 0.000        ; 0.080      ; 1.251      ;
; 0.986 ; sc_cpu:cpu|sc_datapath:datapath|pc_reg[28] ; sc_cpu:cpu|sc_datapath:datapath|pc_reg[29] ; pll_inst|altpll_component|auto_generated|pll1|clk[0] ; pll_inst|altpll_component|auto_generated|pll1|clk[0] ; 0.000        ; 0.080      ; 1.252      ;
; 0.987 ; sc_cpu:cpu|sc_datapath:datapath|pc_reg[18] ; sc_cpu:cpu|sc_datapath:datapath|pc_reg[19] ; pll_inst|altpll_component|auto_generated|pll1|clk[0] ; pll_inst|altpll_component|auto_generated|pll1|clk[0] ; 0.000        ; 0.080      ; 1.253      ;
; 0.988 ; sc_cpu:cpu|sc_datapath:datapath|pc_reg[10] ; sc_cpu:cpu|sc_datapath:datapath|pc_reg[11] ; pll_inst|altpll_component|auto_generated|pll1|clk[0] ; pll_inst|altpll_component|auto_generated|pll1|clk[0] ; 0.000        ; 0.080      ; 1.254      ;
; 0.988 ; sc_cpu:cpu|sc_datapath:datapath|pc_reg[8]  ; sc_cpu:cpu|sc_datapath:datapath|pc_reg[9]  ; pll_inst|altpll_component|auto_generated|pll1|clk[0] ; pll_inst|altpll_component|auto_generated|pll1|clk[0] ; 0.000        ; 0.080      ; 1.254      ;
; 0.989 ; sc_cpu:cpu|sc_datapath:datapath|pc_reg[26] ; sc_cpu:cpu|sc_datapath:datapath|pc_reg[27] ; pll_inst|altpll_component|auto_generated|pll1|clk[0] ; pll_inst|altpll_component|auto_generated|pll1|clk[0] ; 0.000        ; 0.080      ; 1.255      ;
; 0.989 ; sc_cpu:cpu|sc_datapath:datapath|pc_reg[14] ; sc_cpu:cpu|sc_datapath:datapath|pc_reg[16] ; pll_inst|altpll_component|auto_generated|pll1|clk[0] ; pll_inst|altpll_component|auto_generated|pll1|clk[0] ; 0.000        ; 0.080      ; 1.255      ;
; 0.990 ; sc_cpu:cpu|sc_datapath:datapath|pc_reg[12] ; sc_cpu:cpu|sc_datapath:datapath|pc_reg[14] ; pll_inst|altpll_component|auto_generated|pll1|clk[0] ; pll_inst|altpll_component|auto_generated|pll1|clk[0] ; 0.000        ; 0.080      ; 1.256      ;
; 0.990 ; sc_cpu:cpu|sc_datapath:datapath|pc_reg[22] ; sc_cpu:cpu|sc_datapath:datapath|pc_reg[24] ; pll_inst|altpll_component|auto_generated|pll1|clk[0] ; pll_inst|altpll_component|auto_generated|pll1|clk[0] ; 0.000        ; 0.080      ; 1.256      ;
; 0.990 ; sc_cpu:cpu|sc_datapath:datapath|pc_reg[20] ; sc_cpu:cpu|sc_datapath:datapath|pc_reg[22] ; pll_inst|altpll_component|auto_generated|pll1|clk[0] ; pll_inst|altpll_component|auto_generated|pll1|clk[0] ; 0.000        ; 0.080      ; 1.256      ;
; 0.991 ; sc_cpu:cpu|sc_datapath:datapath|pc_reg[28] ; sc_cpu:cpu|sc_datapath:datapath|pc_reg[30] ; pll_inst|altpll_component|auto_generated|pll1|clk[0] ; pll_inst|altpll_component|auto_generated|pll1|clk[0] ; 0.000        ; 0.080      ; 1.257      ;
; 0.992 ; sc_cpu:cpu|sc_datapath:datapath|pc_reg[4]  ; sc_cpu:cpu|sc_datapath:datapath|pc_reg[5]  ; pll_inst|altpll_component|auto_generated|pll1|clk[0] ; pll_inst|altpll_component|auto_generated|pll1|clk[0] ; 0.000        ; 0.080      ; 1.258      ;
; 0.992 ; sc_cpu:cpu|sc_datapath:datapath|pc_reg[18] ; sc_cpu:cpu|sc_datapath:datapath|pc_reg[20] ; pll_inst|altpll_component|auto_generated|pll1|clk[0] ; pll_inst|altpll_component|auto_generated|pll1|clk[0] ; 0.000        ; 0.080      ; 1.258      ;
; 0.993 ; sc_cpu:cpu|sc_datapath:datapath|pc_reg[10] ; sc_cpu:cpu|sc_datapath:datapath|pc_reg[12] ; pll_inst|altpll_component|auto_generated|pll1|clk[0] ; pll_inst|altpll_component|auto_generated|pll1|clk[0] ; 0.000        ; 0.080      ; 1.259      ;
; 0.993 ; sc_cpu:cpu|sc_datapath:datapath|pc_reg[8]  ; sc_cpu:cpu|sc_datapath:datapath|pc_reg[10] ; pll_inst|altpll_component|auto_generated|pll1|clk[0] ; pll_inst|altpll_component|auto_generated|pll1|clk[0] ; 0.000        ; 0.080      ; 1.259      ;
; 0.994 ; sc_cpu:cpu|sc_datapath:datapath|pc_reg[2]  ; sc_cpu:cpu|sc_datapath:datapath|pc_reg[3]  ; pll_inst|altpll_component|auto_generated|pll1|clk[0] ; pll_inst|altpll_component|auto_generated|pll1|clk[0] ; 0.000        ; 0.080      ; 1.260      ;
; 0.994 ; sc_cpu:cpu|sc_datapath:datapath|pc_reg[26] ; sc_cpu:cpu|sc_datapath:datapath|pc_reg[28] ; pll_inst|altpll_component|auto_generated|pll1|clk[0] ; pll_inst|altpll_component|auto_generated|pll1|clk[0] ; 0.000        ; 0.080      ; 1.260      ;
; 0.997 ; sc_cpu:cpu|sc_datapath:datapath|pc_reg[4]  ; sc_cpu:cpu|sc_datapath:datapath|pc_reg[6]  ; pll_inst|altpll_component|auto_generated|pll1|clk[0] ; pll_inst|altpll_component|auto_generated|pll1|clk[0] ; 0.000        ; 0.080      ; 1.263      ;
; 0.997 ; sc_cpu:cpu|sc_datapath:datapath|pc_reg[13] ; sc_cpu:cpu|sc_datapath:datapath|pc_reg[14] ; pll_inst|altpll_component|auto_generated|pll1|clk[0] ; pll_inst|altpll_component|auto_generated|pll1|clk[0] ; 0.000        ; 0.080      ; 1.263      ;
; 0.999 ; sc_cpu:cpu|sc_datapath:datapath|pc_reg[2]  ; sc_cpu:cpu|sc_datapath:datapath|pc_reg[4]  ; pll_inst|altpll_component|auto_generated|pll1|clk[0] ; pll_inst|altpll_component|auto_generated|pll1|clk[0] ; 0.000        ; 0.080      ; 1.265      ;
; 1.007 ; sc_cpu:cpu|sc_datapath:datapath|pc_reg[6]  ; sc_cpu:cpu|sc_datapath:datapath|pc_reg[7]  ; pll_inst|altpll_component|auto_generated|pll1|clk[0] ; pll_inst|altpll_component|auto_generated|pll1|clk[0] ; 0.000        ; 0.080      ; 1.273      ;
; 1.008 ; sc_cpu:cpu|sc_datapath:datapath|pc_reg[30] ; sc_cpu:cpu|sc_datapath:datapath|pc_reg[31] ; pll_inst|altpll_component|auto_generated|pll1|clk[0] ; pll_inst|altpll_component|auto_generated|pll1|clk[0] ; 0.000        ; 0.080      ; 1.274      ;
; 1.012 ; sc_cpu:cpu|sc_datapath:datapath|pc_reg[24] ; sc_cpu:cpu|sc_datapath:datapath|pc_reg[25] ; pll_inst|altpll_component|auto_generated|pll1|clk[0] ; pll_inst|altpll_component|auto_generated|pll1|clk[0] ; 0.000        ; 0.080      ; 1.278      ;
; 1.012 ; sc_cpu:cpu|sc_datapath:datapath|pc_reg[6]  ; sc_cpu:cpu|sc_datapath:datapath|pc_reg[8]  ; pll_inst|altpll_component|auto_generated|pll1|clk[0] ; pll_inst|altpll_component|auto_generated|pll1|clk[0] ; 0.000        ; 0.080      ; 1.278      ;
; 1.017 ; sc_cpu:cpu|sc_datapath:datapath|pc_reg[24] ; sc_cpu:cpu|sc_datapath:datapath|pc_reg[26] ; pll_inst|altpll_component|auto_generated|pll1|clk[0] ; pll_inst|altpll_component|auto_generated|pll1|clk[0] ; 0.000        ; 0.080      ; 1.283      ;
; 1.090 ; sc_cpu:cpu|sc_datapath:datapath|pc_reg[15] ; sc_cpu:cpu|sc_datapath:datapath|pc_reg[17] ; pll_inst|altpll_component|auto_generated|pll1|clk[0] ; pll_inst|altpll_component|auto_generated|pll1|clk[0] ; 0.000        ; 0.085      ; 1.361      ;
; 1.095 ; sc_cpu:cpu|sc_datapath:datapath|pc_reg[15] ; sc_cpu:cpu|sc_datapath:datapath|pc_reg[18] ; pll_inst|altpll_component|auto_generated|pll1|clk[0] ; pll_inst|altpll_component|auto_generated|pll1|clk[0] ; 0.000        ; 0.085      ; 1.366      ;
; 1.095 ; sc_cpu:cpu|sc_datapath:datapath|pc_reg[17] ; sc_cpu:cpu|sc_datapath:datapath|pc_reg[19] ; pll_inst|altpll_component|auto_generated|pll1|clk[0] ; pll_inst|altpll_component|auto_generated|pll1|clk[0] ; 0.000        ; 0.080      ; 1.361      ;
; 1.095 ; sc_cpu:cpu|sc_datapath:datapath|pc_reg[7]  ; sc_cpu:cpu|sc_datapath:datapath|pc_reg[9]  ; pll_inst|altpll_component|auto_generated|pll1|clk[0] ; pll_inst|altpll_component|auto_generated|pll1|clk[0] ; 0.000        ; 0.080      ; 1.361      ;
; 1.096 ; sc_cpu:cpu|sc_datapath:datapath|pc_reg[19] ; sc_cpu:cpu|sc_datapath:datapath|pc_reg[21] ; pll_inst|altpll_component|auto_generated|pll1|clk[0] ; pll_inst|altpll_component|auto_generated|pll1|clk[0] ; 0.000        ; 0.080      ; 1.362      ;
; 1.096 ; sc_cpu:cpu|sc_datapath:datapath|pc_reg[11] ; sc_cpu:cpu|sc_datapath:datapath|pc_reg[13] ; pll_inst|altpll_component|auto_generated|pll1|clk[0] ; pll_inst|altpll_component|auto_generated|pll1|clk[0] ; 0.000        ; 0.080      ; 1.362      ;
; 1.096 ; sc_cpu:cpu|sc_datapath:datapath|pc_reg[9]  ; sc_cpu:cpu|sc_datapath:datapath|pc_reg[11] ; pll_inst|altpll_component|auto_generated|pll1|clk[0] ; pll_inst|altpll_component|auto_generated|pll1|clk[0] ; 0.000        ; 0.080      ; 1.362      ;
; 1.096 ; sc_cpu:cpu|sc_datapath:datapath|pc_reg[23] ; sc_cpu:cpu|sc_datapath:datapath|pc_reg[25] ; pll_inst|altpll_component|auto_generated|pll1|clk[0] ; pll_inst|altpll_component|auto_generated|pll1|clk[0] ; 0.000        ; 0.080      ; 1.362      ;
; 1.097 ; sc_cpu:cpu|sc_datapath:datapath|pc_reg[21] ; sc_cpu:cpu|sc_datapath:datapath|pc_reg[23] ; pll_inst|altpll_component|auto_generated|pll1|clk[0] ; pll_inst|altpll_component|auto_generated|pll1|clk[0] ; 0.000        ; 0.080      ; 1.363      ;
; 1.097 ; sc_cpu:cpu|sc_datapath:datapath|pc_reg[27] ; sc_cpu:cpu|sc_datapath:datapath|pc_reg[29] ; pll_inst|altpll_component|auto_generated|pll1|clk[0] ; pll_inst|altpll_component|auto_generated|pll1|clk[0] ; 0.000        ; 0.080      ; 1.363      ;
; 1.097 ; sc_cpu:cpu|sc_datapath:datapath|pc_reg[25] ; sc_cpu:cpu|sc_datapath:datapath|pc_reg[27] ; pll_inst|altpll_component|auto_generated|pll1|clk[0] ; pll_inst|altpll_component|auto_generated|pll1|clk[0] ; 0.000        ; 0.080      ; 1.363      ;
; 1.097 ; sc_cpu:cpu|sc_datapath:datapath|pc_reg[29] ; sc_cpu:cpu|sc_datapath:datapath|pc_reg[31] ; pll_inst|altpll_component|auto_generated|pll1|clk[0] ; pll_inst|altpll_component|auto_generated|pll1|clk[0] ; 0.000        ; 0.080      ; 1.363      ;
; 1.100 ; sc_cpu:cpu|sc_datapath:datapath|pc_reg[17] ; sc_cpu:cpu|sc_datapath:datapath|pc_reg[20] ; pll_inst|altpll_component|auto_generated|pll1|clk[0] ; pll_inst|altpll_component|auto_generated|pll1|clk[0] ; 0.000        ; 0.080      ; 1.366      ;
; 1.100 ; sc_cpu:cpu|sc_datapath:datapath|pc_reg[7]  ; sc_cpu:cpu|sc_datapath:datapath|pc_reg[10] ; pll_inst|altpll_component|auto_generated|pll1|clk[0] ; pll_inst|altpll_component|auto_generated|pll1|clk[0] ; 0.000        ; 0.080      ; 1.366      ;
; 1.101 ; sc_cpu:cpu|sc_datapath:datapath|pc_reg[11] ; sc_cpu:cpu|sc_datapath:datapath|pc_reg[14] ; pll_inst|altpll_component|auto_generated|pll1|clk[0] ; pll_inst|altpll_component|auto_generated|pll1|clk[0] ; 0.000        ; 0.080      ; 1.367      ;
; 1.101 ; sc_cpu:cpu|sc_datapath:datapath|pc_reg[19] ; sc_cpu:cpu|sc_datapath:datapath|pc_reg[22] ; pll_inst|altpll_component|auto_generated|pll1|clk[0] ; pll_inst|altpll_component|auto_generated|pll1|clk[0] ; 0.000        ; 0.080      ; 1.367      ;
; 1.101 ; sc_cpu:cpu|sc_datapath:datapath|pc_reg[9]  ; sc_cpu:cpu|sc_datapath:datapath|pc_reg[12] ; pll_inst|altpll_component|auto_generated|pll1|clk[0] ; pll_inst|altpll_component|auto_generated|pll1|clk[0] ; 0.000        ; 0.080      ; 1.367      ;
; 1.101 ; sc_cpu:cpu|sc_datapath:datapath|pc_reg[23] ; sc_cpu:cpu|sc_datapath:datapath|pc_reg[26] ; pll_inst|altpll_component|auto_generated|pll1|clk[0] ; pll_inst|altpll_component|auto_generated|pll1|clk[0] ; 0.000        ; 0.080      ; 1.367      ;
; 1.102 ; sc_cpu:cpu|sc_datapath:datapath|pc_reg[21] ; sc_cpu:cpu|sc_datapath:datapath|pc_reg[24] ; pll_inst|altpll_component|auto_generated|pll1|clk[0] ; pll_inst|altpll_component|auto_generated|pll1|clk[0] ; 0.000        ; 0.080      ; 1.368      ;
; 1.102 ; sc_cpu:cpu|sc_datapath:datapath|pc_reg[27] ; sc_cpu:cpu|sc_datapath:datapath|pc_reg[30] ; pll_inst|altpll_component|auto_generated|pll1|clk[0] ; pll_inst|altpll_component|auto_generated|pll1|clk[0] ; 0.000        ; 0.080      ; 1.368      ;
; 1.102 ; sc_cpu:cpu|sc_datapath:datapath|pc_reg[25] ; sc_cpu:cpu|sc_datapath:datapath|pc_reg[28] ; pll_inst|altpll_component|auto_generated|pll1|clk[0] ; pll_inst|altpll_component|auto_generated|pll1|clk[0] ; 0.000        ; 0.080      ; 1.368      ;
; 1.103 ; sc_cpu:cpu|sc_datapath:datapath|pc_reg[3]  ; sc_cpu:cpu|sc_datapath:datapath|pc_reg[5]  ; pll_inst|altpll_component|auto_generated|pll1|clk[0] ; pll_inst|altpll_component|auto_generated|pll1|clk[0] ; 0.000        ; 0.080      ; 1.369      ;
; 1.104 ; sc_cpu:cpu|sc_datapath:datapath|pc_reg[5]  ; sc_cpu:cpu|sc_datapath:datapath|pc_reg[7]  ; pll_inst|altpll_component|auto_generated|pll1|clk[0] ; pll_inst|altpll_component|auto_generated|pll1|clk[0] ; 0.000        ; 0.080      ; 1.370      ;
; 1.105 ; sc_cpu:cpu|sc_datapath:datapath|pc_reg[14] ; sc_cpu:cpu|sc_datapath:datapath|pc_reg[17] ; pll_inst|altpll_component|auto_generated|pll1|clk[0] ; pll_inst|altpll_component|auto_generated|pll1|clk[0] ; 0.000        ; 0.085      ; 1.376      ;
; 1.105 ; sc_cpu:cpu|sc_datapath:datapath|pc_reg[16] ; sc_cpu:cpu|sc_datapath:datapath|pc_reg[19] ; pll_inst|altpll_component|auto_generated|pll1|clk[0] ; pll_inst|altpll_component|auto_generated|pll1|clk[0] ; 0.000        ; 0.085      ; 1.376      ;
+-------+--------------------------------------------+--------------------------------------------+------------------------------------------------------+------------------------------------------------------+--------------+------------+------------+


-----------------------------------------------
; Slow 1200mV 85C Model Metastability Summary ;
-----------------------------------------------
No synchronizer chains to report.


+-------------------------------------------------------------------------------------------+
; Slow 1200mV 0C Model Fmax Summary                                                         ;
+-----------+-----------------+------------------------------------------------------+------+
; Fmax      ; Restricted Fmax ; Clock Name                                           ; Note ;
+-----------+-----------------+------------------------------------------------------+------+
; 27.96 MHz ; 27.96 MHz       ; pll_inst|altpll_component|auto_generated|pll1|clk[0] ;      ;
+-----------+-----------------+------------------------------------------------------+------+
This panel reports FMAX for every clock in the design, regardless of the user-specified clock periods.  FMAX is only computed for paths where the source and destination registers or ports are driven by the same clock.  Paths of different clocks, including generated clocks, are ignored.  For paths between a clock and its inversion, FMAX is computed as if the rising and falling edges are scaled along with FMAX, such that the duty cycle (in terms of a percentage) is maintained. Altera recommends that you always use clock constraints and other slack reports for sign-off analysis.


+-------------------------------------------------------------------------------+
; Slow 1200mV 0C Model Setup Summary                                            ;
+------------------------------------------------------+--------+---------------+
; Clock                                                ; Slack  ; End Point TNS ;
+------------------------------------------------------+--------+---------------+
; pll_inst|altpll_component|auto_generated|pll1|clk[0] ; 64.229 ; 0.000         ;
+------------------------------------------------------+--------+---------------+


+------------------------------------------------------------------------------+
; Slow 1200mV 0C Model Hold Summary                                            ;
+------------------------------------------------------+-------+---------------+
; Clock                                                ; Slack ; End Point TNS ;
+------------------------------------------------------+-------+---------------+
; pll_inst|altpll_component|auto_generated|pll1|clk[0] ; 0.400 ; 0.000         ;
+------------------------------------------------------+-------+---------------+


-----------------------------------------
; Slow 1200mV 0C Model Recovery Summary ;
-----------------------------------------
No paths to report.


----------------------------------------
; Slow 1200mV 0C Model Removal Summary ;
----------------------------------------
No paths to report.


+-------------------------------------------------------------------------------+
; Slow 1200mV 0C Model Minimum Pulse Width Summary                              ;
+------------------------------------------------------+--------+---------------+
; Clock                                                ; Slack  ; End Point TNS ;
+------------------------------------------------------+--------+---------------+
; clk                                                  ; 9.887  ; 0.000         ;
; pll_inst|altpll_component|auto_generated|pll1|clk[0] ; 49.708 ; 0.000         ;
+------------------------------------------------------+--------+---------------+


+--------------------------------------------------------------------------------------------------------------------------------------------------------------------------------------------------------------------------------------------------------------------------+
; Slow 1200mV 0C Model Setup: 'pll_inst|altpll_component|auto_generated|pll1|clk[0]'                                                                                                                                                                                       ;
+--------+-------------------------------------------+--------------------------------------------------------------+------------------------------------------------------+------------------------------------------------------+--------------+------------+------------+
; Slack  ; From Node                                 ; To Node                                                      ; Launch Clock                                         ; Latch Clock                                          ; Relationship ; Clock Skew ; Data Delay ;
+--------+-------------------------------------------+--------------------------------------------------------------+------------------------------------------------------+------------------------------------------------------+--------------+------------+------------+
; 64.229 ; sc_cpu:cpu|sc_datapath:datapath|pc_reg[7] ; sc_cpu:cpu|sc_datapath:datapath|sc_regfile:regfile|regs~41   ; pll_inst|altpll_component|auto_generated|pll1|clk[0] ; pll_inst|altpll_component|auto_generated|pll1|clk[0] ; 100.000      ; -0.118     ; 35.652     ;
; 64.256 ; sc_cpu:cpu|sc_datapath:datapath|pc_reg[7] ; sc_cpu:cpu|sc_datapath:datapath|sc_regfile:regfile|regs~73   ; pll_inst|altpll_component|auto_generated|pll1|clk[0] ; pll_inst|altpll_component|auto_generated|pll1|clk[0] ; 100.000      ; -0.118     ; 35.625     ;
; 64.462 ; sc_cpu:cpu|sc_datapath:datapath|pc_reg[8] ; sc_cpu:cpu|sc_datapath:datapath|sc_regfile:regfile|regs~41   ; pll_inst|altpll_component|auto_generated|pll1|clk[0] ; pll_inst|altpll_component|auto_generated|pll1|clk[0] ; 100.000      ; -0.118     ; 35.419     ;
; 64.489 ; sc_cpu:cpu|sc_datapath:datapath|pc_reg[8] ; sc_cpu:cpu|sc_datapath:datapath|sc_regfile:regfile|regs~73   ; pll_inst|altpll_component|auto_generated|pll1|clk[0] ; pll_inst|altpll_component|auto_generated|pll1|clk[0] ; 100.000      ; -0.118     ; 35.392     ;
; 64.510 ; sc_cpu:cpu|sc_datapath:datapath|pc_reg[7] ; sc_cpu:cpu|sc_datapath:datapath|sc_regfile:regfile|regs~553  ; pll_inst|altpll_component|auto_generated|pll1|clk[0] ; pll_inst|altpll_component|auto_generated|pll1|clk[0] ; 100.000      ; -0.107     ; 35.382     ;
; 64.537 ; sc_cpu:cpu|sc_datapath:datapath|pc_reg[7] ; sc_cpu:cpu|sc_datapath:datapath|sc_regfile:regfile|regs~681  ; pll_inst|altpll_component|auto_generated|pll1|clk[0] ; pll_inst|altpll_component|auto_generated|pll1|clk[0] ; 100.000      ; -0.107     ; 35.355     ;
; 64.541 ; sc_cpu:cpu|sc_datapath:datapath|pc_reg[9] ; sc_cpu:cpu|sc_datapath:datapath|sc_regfile:regfile|regs~41   ; pll_inst|altpll_component|auto_generated|pll1|clk[0] ; pll_inst|altpll_component|auto_generated|pll1|clk[0] ; 100.000      ; -0.118     ; 35.340     ;
; 64.568 ; sc_cpu:cpu|sc_datapath:datapath|pc_reg[9] ; sc_cpu:cpu|sc_datapath:datapath|sc_regfile:regfile|regs~73   ; pll_inst|altpll_component|auto_generated|pll1|clk[0] ; pll_inst|altpll_component|auto_generated|pll1|clk[0] ; 100.000      ; -0.118     ; 35.313     ;
; 64.594 ; sc_cpu:cpu|sc_datapath:datapath|pc_reg[4] ; sc_cpu:cpu|sc_datapath:datapath|sc_regfile:regfile|regs~41   ; pll_inst|altpll_component|auto_generated|pll1|clk[0] ; pll_inst|altpll_component|auto_generated|pll1|clk[0] ; 100.000      ; -0.118     ; 35.287     ;
; 64.602 ; sc_cpu:cpu|sc_datapath:datapath|pc_reg[3] ; sc_cpu:cpu|sc_datapath:datapath|sc_regfile:regfile|regs~41   ; pll_inst|altpll_component|auto_generated|pll1|clk[0] ; pll_inst|altpll_component|auto_generated|pll1|clk[0] ; 100.000      ; -0.118     ; 35.279     ;
; 64.621 ; sc_cpu:cpu|sc_datapath:datapath|pc_reg[4] ; sc_cpu:cpu|sc_datapath:datapath|sc_regfile:regfile|regs~73   ; pll_inst|altpll_component|auto_generated|pll1|clk[0] ; pll_inst|altpll_component|auto_generated|pll1|clk[0] ; 100.000      ; -0.118     ; 35.260     ;
; 64.629 ; sc_cpu:cpu|sc_datapath:datapath|pc_reg[3] ; sc_cpu:cpu|sc_datapath:datapath|sc_regfile:regfile|regs~73   ; pll_inst|altpll_component|auto_generated|pll1|clk[0] ; pll_inst|altpll_component|auto_generated|pll1|clk[0] ; 100.000      ; -0.118     ; 35.252     ;
; 64.675 ; sc_cpu:cpu|sc_datapath:datapath|pc_reg[7] ; sc_cpu:cpu|sc_datapath:datapath|sc_regfile:regfile|regs~937  ; pll_inst|altpll_component|auto_generated|pll1|clk[0] ; pll_inst|altpll_component|auto_generated|pll1|clk[0] ; 100.000      ; -0.105     ; 35.219     ;
; 64.743 ; sc_cpu:cpu|sc_datapath:datapath|pc_reg[8] ; sc_cpu:cpu|sc_datapath:datapath|sc_regfile:regfile|regs~553  ; pll_inst|altpll_component|auto_generated|pll1|clk[0] ; pll_inst|altpll_component|auto_generated|pll1|clk[0] ; 100.000      ; -0.107     ; 35.149     ;
; 64.770 ; sc_cpu:cpu|sc_datapath:datapath|pc_reg[8] ; sc_cpu:cpu|sc_datapath:datapath|sc_regfile:regfile|regs~681  ; pll_inst|altpll_component|auto_generated|pll1|clk[0] ; pll_inst|altpll_component|auto_generated|pll1|clk[0] ; 100.000      ; -0.107     ; 35.122     ;
; 64.795 ; sc_cpu:cpu|sc_datapath:datapath|pc_reg[2] ; sc_cpu:cpu|sc_datapath:datapath|sc_regfile:regfile|regs~41   ; pll_inst|altpll_component|auto_generated|pll1|clk[0] ; pll_inst|altpll_component|auto_generated|pll1|clk[0] ; 100.000      ; -0.118     ; 35.086     ;
; 64.822 ; sc_cpu:cpu|sc_datapath:datapath|pc_reg[9] ; sc_cpu:cpu|sc_datapath:datapath|sc_regfile:regfile|regs~553  ; pll_inst|altpll_component|auto_generated|pll1|clk[0] ; pll_inst|altpll_component|auto_generated|pll1|clk[0] ; 100.000      ; -0.107     ; 35.070     ;
; 64.822 ; sc_cpu:cpu|sc_datapath:datapath|pc_reg[2] ; sc_cpu:cpu|sc_datapath:datapath|sc_regfile:regfile|regs~73   ; pll_inst|altpll_component|auto_generated|pll1|clk[0] ; pll_inst|altpll_component|auto_generated|pll1|clk[0] ; 100.000      ; -0.118     ; 35.059     ;
; 64.849 ; sc_cpu:cpu|sc_datapath:datapath|pc_reg[9] ; sc_cpu:cpu|sc_datapath:datapath|sc_regfile:regfile|regs~681  ; pll_inst|altpll_component|auto_generated|pll1|clk[0] ; pll_inst|altpll_component|auto_generated|pll1|clk[0] ; 100.000      ; -0.107     ; 35.043     ;
; 64.870 ; sc_cpu:cpu|sc_datapath:datapath|pc_reg[7] ; sc_cpu:cpu|sc_datapath:datapath|sc_regfile:regfile|regs~1001 ; pll_inst|altpll_component|auto_generated|pll1|clk[0] ; pll_inst|altpll_component|auto_generated|pll1|clk[0] ; 100.000      ; -0.078     ; 35.051     ;
; 64.875 ; sc_cpu:cpu|sc_datapath:datapath|pc_reg[4] ; sc_cpu:cpu|sc_datapath:datapath|sc_regfile:regfile|regs~553  ; pll_inst|altpll_component|auto_generated|pll1|clk[0] ; pll_inst|altpll_component|auto_generated|pll1|clk[0] ; 100.000      ; -0.107     ; 35.017     ;
; 64.883 ; sc_cpu:cpu|sc_datapath:datapath|pc_reg[3] ; sc_cpu:cpu|sc_datapath:datapath|sc_regfile:regfile|regs~553  ; pll_inst|altpll_component|auto_generated|pll1|clk[0] ; pll_inst|altpll_component|auto_generated|pll1|clk[0] ; 100.000      ; -0.107     ; 35.009     ;
; 64.889 ; sc_cpu:cpu|sc_datapath:datapath|pc_reg[5] ; sc_cpu:cpu|sc_datapath:datapath|sc_regfile:regfile|regs~41   ; pll_inst|altpll_component|auto_generated|pll1|clk[0] ; pll_inst|altpll_component|auto_generated|pll1|clk[0] ; 100.000      ; -0.118     ; 34.992     ;
; 64.900 ; sc_cpu:cpu|sc_datapath:datapath|pc_reg[7] ; sc_cpu:cpu|sc_datapath:datapath|sc_regfile:regfile|regs~745  ; pll_inst|altpll_component|auto_generated|pll1|clk[0] ; pll_inst|altpll_component|auto_generated|pll1|clk[0] ; 100.000      ; -0.078     ; 35.021     ;
; 64.902 ; sc_cpu:cpu|sc_datapath:datapath|pc_reg[4] ; sc_cpu:cpu|sc_datapath:datapath|sc_regfile:regfile|regs~681  ; pll_inst|altpll_component|auto_generated|pll1|clk[0] ; pll_inst|altpll_component|auto_generated|pll1|clk[0] ; 100.000      ; -0.107     ; 34.990     ;
; 64.908 ; sc_cpu:cpu|sc_datapath:datapath|pc_reg[8] ; sc_cpu:cpu|sc_datapath:datapath|sc_regfile:regfile|regs~937  ; pll_inst|altpll_component|auto_generated|pll1|clk[0] ; pll_inst|altpll_component|auto_generated|pll1|clk[0] ; 100.000      ; -0.105     ; 34.986     ;
; 64.910 ; sc_cpu:cpu|sc_datapath:datapath|pc_reg[3] ; sc_cpu:cpu|sc_datapath:datapath|sc_regfile:regfile|regs~681  ; pll_inst|altpll_component|auto_generated|pll1|clk[0] ; pll_inst|altpll_component|auto_generated|pll1|clk[0] ; 100.000      ; -0.107     ; 34.982     ;
; 64.914 ; sc_cpu:cpu|sc_datapath:datapath|pc_reg[7] ; sc_cpu:cpu|sc_datapath:datapath|sc_regfile:regfile|regs~169  ; pll_inst|altpll_component|auto_generated|pll1|clk[0] ; pll_inst|altpll_component|auto_generated|pll1|clk[0] ; 100.000      ; -0.100     ; 34.985     ;
; 64.916 ; sc_cpu:cpu|sc_datapath:datapath|pc_reg[5] ; sc_cpu:cpu|sc_datapath:datapath|sc_regfile:regfile|regs~73   ; pll_inst|altpll_component|auto_generated|pll1|clk[0] ; pll_inst|altpll_component|auto_generated|pll1|clk[0] ; 100.000      ; -0.118     ; 34.965     ;
; 64.920 ; sc_cpu:cpu|sc_datapath:datapath|pc_reg[7] ; sc_cpu:cpu|sc_datapath:datapath|sc_regfile:regfile|regs~233  ; pll_inst|altpll_component|auto_generated|pll1|clk[0] ; pll_inst|altpll_component|auto_generated|pll1|clk[0] ; 100.000      ; -0.100     ; 34.979     ;
; 64.959 ; sc_cpu:cpu|sc_datapath:datapath|pc_reg[7] ; sc_cpu:cpu|sc_datapath:datapath|sc_regfile:regfile|regs~905  ; pll_inst|altpll_component|auto_generated|pll1|clk[0] ; pll_inst|altpll_component|auto_generated|pll1|clk[0] ; 100.000      ; -0.130     ; 34.910     ;
; 64.983 ; sc_cpu:cpu|sc_datapath:datapath|pc_reg[7] ; sc_cpu:cpu|sc_datapath:datapath|sc_regfile:regfile|regs~521  ; pll_inst|altpll_component|auto_generated|pll1|clk[0] ; pll_inst|altpll_component|auto_generated|pll1|clk[0] ; 100.000      ; -0.128     ; 34.888     ;
; 64.985 ; sc_cpu:cpu|sc_datapath:datapath|pc_reg[7] ; sc_cpu:cpu|sc_datapath:datapath|sc_regfile:regfile|regs~777  ; pll_inst|altpll_component|auto_generated|pll1|clk[0] ; pll_inst|altpll_component|auto_generated|pll1|clk[0] ; 100.000      ; -0.130     ; 34.884     ;
; 64.987 ; sc_cpu:cpu|sc_datapath:datapath|pc_reg[9] ; sc_cpu:cpu|sc_datapath:datapath|sc_regfile:regfile|regs~937  ; pll_inst|altpll_component|auto_generated|pll1|clk[0] ; pll_inst|altpll_component|auto_generated|pll1|clk[0] ; 100.000      ; -0.105     ; 34.907     ;
; 65.010 ; sc_cpu:cpu|sc_datapath:datapath|pc_reg[7] ; sc_cpu:cpu|sc_datapath:datapath|sc_regfile:regfile|regs~649  ; pll_inst|altpll_component|auto_generated|pll1|clk[0] ; pll_inst|altpll_component|auto_generated|pll1|clk[0] ; 100.000      ; -0.128     ; 34.861     ;
; 65.040 ; sc_cpu:cpu|sc_datapath:datapath|pc_reg[4] ; sc_cpu:cpu|sc_datapath:datapath|sc_regfile:regfile|regs~937  ; pll_inst|altpll_component|auto_generated|pll1|clk[0] ; pll_inst|altpll_component|auto_generated|pll1|clk[0] ; 100.000      ; -0.105     ; 34.854     ;
; 65.048 ; sc_cpu:cpu|sc_datapath:datapath|pc_reg[3] ; sc_cpu:cpu|sc_datapath:datapath|sc_regfile:regfile|regs~937  ; pll_inst|altpll_component|auto_generated|pll1|clk[0] ; pll_inst|altpll_component|auto_generated|pll1|clk[0] ; 100.000      ; -0.105     ; 34.846     ;
; 65.076 ; sc_cpu:cpu|sc_datapath:datapath|pc_reg[2] ; sc_cpu:cpu|sc_datapath:datapath|sc_regfile:regfile|regs~553  ; pll_inst|altpll_component|auto_generated|pll1|clk[0] ; pll_inst|altpll_component|auto_generated|pll1|clk[0] ; 100.000      ; -0.107     ; 34.816     ;
; 65.103 ; sc_cpu:cpu|sc_datapath:datapath|pc_reg[8] ; sc_cpu:cpu|sc_datapath:datapath|sc_regfile:regfile|regs~1001 ; pll_inst|altpll_component|auto_generated|pll1|clk[0] ; pll_inst|altpll_component|auto_generated|pll1|clk[0] ; 100.000      ; -0.078     ; 34.818     ;
; 65.103 ; sc_cpu:cpu|sc_datapath:datapath|pc_reg[2] ; sc_cpu:cpu|sc_datapath:datapath|sc_regfile:regfile|regs~681  ; pll_inst|altpll_component|auto_generated|pll1|clk[0] ; pll_inst|altpll_component|auto_generated|pll1|clk[0] ; 100.000      ; -0.107     ; 34.789     ;
; 65.133 ; sc_cpu:cpu|sc_datapath:datapath|pc_reg[8] ; sc_cpu:cpu|sc_datapath:datapath|sc_regfile:regfile|regs~745  ; pll_inst|altpll_component|auto_generated|pll1|clk[0] ; pll_inst|altpll_component|auto_generated|pll1|clk[0] ; 100.000      ; -0.078     ; 34.788     ;
; 65.147 ; sc_cpu:cpu|sc_datapath:datapath|pc_reg[8] ; sc_cpu:cpu|sc_datapath:datapath|sc_regfile:regfile|regs~169  ; pll_inst|altpll_component|auto_generated|pll1|clk[0] ; pll_inst|altpll_component|auto_generated|pll1|clk[0] ; 100.000      ; -0.100     ; 34.752     ;
; 65.153 ; sc_cpu:cpu|sc_datapath:datapath|pc_reg[8] ; sc_cpu:cpu|sc_datapath:datapath|sc_regfile:regfile|regs~233  ; pll_inst|altpll_component|auto_generated|pll1|clk[0] ; pll_inst|altpll_component|auto_generated|pll1|clk[0] ; 100.000      ; -0.100     ; 34.746     ;
; 65.170 ; sc_cpu:cpu|sc_datapath:datapath|pc_reg[7] ; sc_cpu:cpu|sc_datapath:datapath|sc_regfile:regfile|regs~617  ; pll_inst|altpll_component|auto_generated|pll1|clk[0] ; pll_inst|altpll_component|auto_generated|pll1|clk[0] ; 100.000      ; -0.079     ; 34.750     ;
; 65.170 ; sc_cpu:cpu|sc_datapath:datapath|pc_reg[5] ; sc_cpu:cpu|sc_datapath:datapath|sc_regfile:regfile|regs~553  ; pll_inst|altpll_component|auto_generated|pll1|clk[0] ; pll_inst|altpll_component|auto_generated|pll1|clk[0] ; 100.000      ; -0.107     ; 34.722     ;
; 65.182 ; sc_cpu:cpu|sc_datapath:datapath|pc_reg[9] ; sc_cpu:cpu|sc_datapath:datapath|sc_regfile:regfile|regs~1001 ; pll_inst|altpll_component|auto_generated|pll1|clk[0] ; pll_inst|altpll_component|auto_generated|pll1|clk[0] ; 100.000      ; -0.078     ; 34.739     ;
; 65.192 ; sc_cpu:cpu|sc_datapath:datapath|pc_reg[8] ; sc_cpu:cpu|sc_datapath:datapath|sc_regfile:regfile|regs~905  ; pll_inst|altpll_component|auto_generated|pll1|clk[0] ; pll_inst|altpll_component|auto_generated|pll1|clk[0] ; 100.000      ; -0.130     ; 34.677     ;
; 65.195 ; sc_cpu:cpu|sc_datapath:datapath|pc_reg[7] ; sc_cpu:cpu|sc_datapath:datapath|sc_regfile:regfile|regs~9    ; pll_inst|altpll_component|auto_generated|pll1|clk[0] ; pll_inst|altpll_component|auto_generated|pll1|clk[0] ; 100.000      ; -0.116     ; 34.688     ;
; 65.197 ; sc_cpu:cpu|sc_datapath:datapath|pc_reg[7] ; sc_cpu:cpu|sc_datapath:datapath|sc_regfile:regfile|regs~873  ; pll_inst|altpll_component|auto_generated|pll1|clk[0] ; pll_inst|altpll_component|auto_generated|pll1|clk[0] ; 100.000      ; -0.079     ; 34.723     ;
; 65.197 ; sc_cpu:cpu|sc_datapath:datapath|pc_reg[7] ; sc_cpu:cpu|sc_datapath:datapath|sc_regfile:regfile|regs~265  ; pll_inst|altpll_component|auto_generated|pll1|clk[0] ; pll_inst|altpll_component|auto_generated|pll1|clk[0] ; 100.000      ; -0.116     ; 34.686     ;
; 65.197 ; sc_cpu:cpu|sc_datapath:datapath|pc_reg[5] ; sc_cpu:cpu|sc_datapath:datapath|sc_regfile:regfile|regs~681  ; pll_inst|altpll_component|auto_generated|pll1|clk[0] ; pll_inst|altpll_component|auto_generated|pll1|clk[0] ; 100.000      ; -0.107     ; 34.695     ;
; 65.212 ; sc_cpu:cpu|sc_datapath:datapath|pc_reg[9] ; sc_cpu:cpu|sc_datapath:datapath|sc_regfile:regfile|regs~745  ; pll_inst|altpll_component|auto_generated|pll1|clk[0] ; pll_inst|altpll_component|auto_generated|pll1|clk[0] ; 100.000      ; -0.078     ; 34.709     ;
; 65.216 ; sc_cpu:cpu|sc_datapath:datapath|pc_reg[8] ; sc_cpu:cpu|sc_datapath:datapath|sc_regfile:regfile|regs~521  ; pll_inst|altpll_component|auto_generated|pll1|clk[0] ; pll_inst|altpll_component|auto_generated|pll1|clk[0] ; 100.000      ; -0.128     ; 34.655     ;
; 65.218 ; sc_cpu:cpu|sc_datapath:datapath|pc_reg[8] ; sc_cpu:cpu|sc_datapath:datapath|sc_regfile:regfile|regs~777  ; pll_inst|altpll_component|auto_generated|pll1|clk[0] ; pll_inst|altpll_component|auto_generated|pll1|clk[0] ; 100.000      ; -0.130     ; 34.651     ;
; 65.226 ; sc_cpu:cpu|sc_datapath:datapath|pc_reg[9] ; sc_cpu:cpu|sc_datapath:datapath|sc_regfile:regfile|regs~169  ; pll_inst|altpll_component|auto_generated|pll1|clk[0] ; pll_inst|altpll_component|auto_generated|pll1|clk[0] ; 100.000      ; -0.100     ; 34.673     ;
; 65.232 ; sc_cpu:cpu|sc_datapath:datapath|pc_reg[9] ; sc_cpu:cpu|sc_datapath:datapath|sc_regfile:regfile|regs~233  ; pll_inst|altpll_component|auto_generated|pll1|clk[0] ; pll_inst|altpll_component|auto_generated|pll1|clk[0] ; 100.000      ; -0.100     ; 34.667     ;
; 65.235 ; sc_cpu:cpu|sc_datapath:datapath|pc_reg[4] ; sc_cpu:cpu|sc_datapath:datapath|sc_regfile:regfile|regs~1001 ; pll_inst|altpll_component|auto_generated|pll1|clk[0] ; pll_inst|altpll_component|auto_generated|pll1|clk[0] ; 100.000      ; -0.078     ; 34.686     ;
; 65.241 ; sc_cpu:cpu|sc_datapath:datapath|pc_reg[2] ; sc_cpu:cpu|sc_datapath:datapath|sc_regfile:regfile|regs~937  ; pll_inst|altpll_component|auto_generated|pll1|clk[0] ; pll_inst|altpll_component|auto_generated|pll1|clk[0] ; 100.000      ; -0.105     ; 34.653     ;
; 65.243 ; sc_cpu:cpu|sc_datapath:datapath|pc_reg[7] ; sc_cpu:cpu|sc_datapath:datapath|sc_regfile:regfile|regs~137  ; pll_inst|altpll_component|auto_generated|pll1|clk[0] ; pll_inst|altpll_component|auto_generated|pll1|clk[0] ; 100.000      ; -0.092     ; 34.664     ;
; 65.243 ; sc_cpu:cpu|sc_datapath:datapath|pc_reg[7] ; sc_cpu:cpu|sc_datapath:datapath|sc_regfile:regfile|regs~105  ; pll_inst|altpll_component|auto_generated|pll1|clk[0] ; pll_inst|altpll_component|auto_generated|pll1|clk[0] ; 100.000      ; -0.092     ; 34.664     ;
; 65.243 ; sc_cpu:cpu|sc_datapath:datapath|pc_reg[8] ; sc_cpu:cpu|sc_datapath:datapath|sc_regfile:regfile|regs~649  ; pll_inst|altpll_component|auto_generated|pll1|clk[0] ; pll_inst|altpll_component|auto_generated|pll1|clk[0] ; 100.000      ; -0.128     ; 34.628     ;
; 65.243 ; sc_cpu:cpu|sc_datapath:datapath|pc_reg[3] ; sc_cpu:cpu|sc_datapath:datapath|sc_regfile:regfile|regs~1001 ; pll_inst|altpll_component|auto_generated|pll1|clk[0] ; pll_inst|altpll_component|auto_generated|pll1|clk[0] ; 100.000      ; -0.078     ; 34.678     ;
; 65.265 ; sc_cpu:cpu|sc_datapath:datapath|pc_reg[4] ; sc_cpu:cpu|sc_datapath:datapath|sc_regfile:regfile|regs~745  ; pll_inst|altpll_component|auto_generated|pll1|clk[0] ; pll_inst|altpll_component|auto_generated|pll1|clk[0] ; 100.000      ; -0.078     ; 34.656     ;
; 65.271 ; sc_cpu:cpu|sc_datapath:datapath|pc_reg[9] ; sc_cpu:cpu|sc_datapath:datapath|sc_regfile:regfile|regs~905  ; pll_inst|altpll_component|auto_generated|pll1|clk[0] ; pll_inst|altpll_component|auto_generated|pll1|clk[0] ; 100.000      ; -0.130     ; 34.598     ;
; 65.273 ; sc_cpu:cpu|sc_datapath:datapath|pc_reg[3] ; sc_cpu:cpu|sc_datapath:datapath|sc_regfile:regfile|regs~745  ; pll_inst|altpll_component|auto_generated|pll1|clk[0] ; pll_inst|altpll_component|auto_generated|pll1|clk[0] ; 100.000      ; -0.078     ; 34.648     ;
; 65.279 ; sc_cpu:cpu|sc_datapath:datapath|pc_reg[4] ; sc_cpu:cpu|sc_datapath:datapath|sc_regfile:regfile|regs~169  ; pll_inst|altpll_component|auto_generated|pll1|clk[0] ; pll_inst|altpll_component|auto_generated|pll1|clk[0] ; 100.000      ; -0.100     ; 34.620     ;
; 65.285 ; sc_cpu:cpu|sc_datapath:datapath|pc_reg[4] ; sc_cpu:cpu|sc_datapath:datapath|sc_regfile:regfile|regs~233  ; pll_inst|altpll_component|auto_generated|pll1|clk[0] ; pll_inst|altpll_component|auto_generated|pll1|clk[0] ; 100.000      ; -0.100     ; 34.614     ;
; 65.287 ; sc_cpu:cpu|sc_datapath:datapath|pc_reg[3] ; sc_cpu:cpu|sc_datapath:datapath|sc_regfile:regfile|regs~169  ; pll_inst|altpll_component|auto_generated|pll1|clk[0] ; pll_inst|altpll_component|auto_generated|pll1|clk[0] ; 100.000      ; -0.100     ; 34.612     ;
; 65.293 ; sc_cpu:cpu|sc_datapath:datapath|pc_reg[3] ; sc_cpu:cpu|sc_datapath:datapath|sc_regfile:regfile|regs~233  ; pll_inst|altpll_component|auto_generated|pll1|clk[0] ; pll_inst|altpll_component|auto_generated|pll1|clk[0] ; 100.000      ; -0.100     ; 34.606     ;
; 65.295 ; sc_cpu:cpu|sc_datapath:datapath|pc_reg[9] ; sc_cpu:cpu|sc_datapath:datapath|sc_regfile:regfile|regs~521  ; pll_inst|altpll_component|auto_generated|pll1|clk[0] ; pll_inst|altpll_component|auto_generated|pll1|clk[0] ; 100.000      ; -0.128     ; 34.576     ;
; 65.297 ; sc_cpu:cpu|sc_datapath:datapath|pc_reg[9] ; sc_cpu:cpu|sc_datapath:datapath|sc_regfile:regfile|regs~777  ; pll_inst|altpll_component|auto_generated|pll1|clk[0] ; pll_inst|altpll_component|auto_generated|pll1|clk[0] ; 100.000      ; -0.130     ; 34.572     ;
; 65.322 ; sc_cpu:cpu|sc_datapath:datapath|pc_reg[9] ; sc_cpu:cpu|sc_datapath:datapath|sc_regfile:regfile|regs~649  ; pll_inst|altpll_component|auto_generated|pll1|clk[0] ; pll_inst|altpll_component|auto_generated|pll1|clk[0] ; 100.000      ; -0.128     ; 34.549     ;
; 65.324 ; sc_cpu:cpu|sc_datapath:datapath|pc_reg[4] ; sc_cpu:cpu|sc_datapath:datapath|sc_regfile:regfile|regs~905  ; pll_inst|altpll_component|auto_generated|pll1|clk[0] ; pll_inst|altpll_component|auto_generated|pll1|clk[0] ; 100.000      ; -0.130     ; 34.545     ;
; 65.326 ; sc_cpu:cpu|sc_datapath:datapath|pc_reg[7] ; sc_cpu:cpu|sc_datapath:datapath|sc_regfile:regfile|regs~841  ; pll_inst|altpll_component|auto_generated|pll1|clk[0] ; pll_inst|altpll_component|auto_generated|pll1|clk[0] ; 100.000      ; -0.090     ; 34.583     ;
; 65.332 ; sc_cpu:cpu|sc_datapath:datapath|pc_reg[3] ; sc_cpu:cpu|sc_datapath:datapath|sc_regfile:regfile|regs~905  ; pll_inst|altpll_component|auto_generated|pll1|clk[0] ; pll_inst|altpll_component|auto_generated|pll1|clk[0] ; 100.000      ; -0.130     ; 34.537     ;
; 65.335 ; sc_cpu:cpu|sc_datapath:datapath|pc_reg[5] ; sc_cpu:cpu|sc_datapath:datapath|sc_regfile:regfile|regs~937  ; pll_inst|altpll_component|auto_generated|pll1|clk[0] ; pll_inst|altpll_component|auto_generated|pll1|clk[0] ; 100.000      ; -0.105     ; 34.559     ;
; 65.339 ; sc_cpu:cpu|sc_datapath:datapath|pc_reg[7] ; sc_cpu:cpu|sc_datapath:datapath|sc_regfile:regfile|regs~585  ; pll_inst|altpll_component|auto_generated|pll1|clk[0] ; pll_inst|altpll_component|auto_generated|pll1|clk[0] ; 100.000      ; -0.085     ; 34.575     ;
; 65.348 ; sc_cpu:cpu|sc_datapath:datapath|pc_reg[4] ; sc_cpu:cpu|sc_datapath:datapath|sc_regfile:regfile|regs~521  ; pll_inst|altpll_component|auto_generated|pll1|clk[0] ; pll_inst|altpll_component|auto_generated|pll1|clk[0] ; 100.000      ; -0.128     ; 34.523     ;
; 65.350 ; sc_cpu:cpu|sc_datapath:datapath|pc_reg[4] ; sc_cpu:cpu|sc_datapath:datapath|sc_regfile:regfile|regs~777  ; pll_inst|altpll_component|auto_generated|pll1|clk[0] ; pll_inst|altpll_component|auto_generated|pll1|clk[0] ; 100.000      ; -0.130     ; 34.519     ;
; 65.356 ; sc_cpu:cpu|sc_datapath:datapath|pc_reg[3] ; sc_cpu:cpu|sc_datapath:datapath|sc_regfile:regfile|regs~521  ; pll_inst|altpll_component|auto_generated|pll1|clk[0] ; pll_inst|altpll_component|auto_generated|pll1|clk[0] ; 100.000      ; -0.128     ; 34.515     ;
; 65.358 ; sc_cpu:cpu|sc_datapath:datapath|pc_reg[3] ; sc_cpu:cpu|sc_datapath:datapath|sc_regfile:regfile|regs~777  ; pll_inst|altpll_component|auto_generated|pll1|clk[0] ; pll_inst|altpll_component|auto_generated|pll1|clk[0] ; 100.000      ; -0.130     ; 34.511     ;
; 65.366 ; sc_cpu:cpu|sc_datapath:datapath|pc_reg[7] ; sc_cpu:cpu|sc_datapath:datapath|sc_regfile:regfile|regs~809  ; pll_inst|altpll_component|auto_generated|pll1|clk[0] ; pll_inst|altpll_component|auto_generated|pll1|clk[0] ; 100.000      ; -0.086     ; 34.547     ;
; 65.367 ; sc_cpu:cpu|sc_datapath:datapath|pc_reg[7] ; sc_cpu:cpu|sc_datapath:datapath|sc_regfile:regfile|regs~713  ; pll_inst|altpll_component|auto_generated|pll1|clk[0] ; pll_inst|altpll_component|auto_generated|pll1|clk[0] ; 100.000      ; -0.085     ; 34.547     ;
; 65.375 ; sc_cpu:cpu|sc_datapath:datapath|pc_reg[4] ; sc_cpu:cpu|sc_datapath:datapath|sc_regfile:regfile|regs~649  ; pll_inst|altpll_component|auto_generated|pll1|clk[0] ; pll_inst|altpll_component|auto_generated|pll1|clk[0] ; 100.000      ; -0.128     ; 34.496     ;
; 65.383 ; sc_cpu:cpu|sc_datapath:datapath|pc_reg[3] ; sc_cpu:cpu|sc_datapath:datapath|sc_regfile:regfile|regs~649  ; pll_inst|altpll_component|auto_generated|pll1|clk[0] ; pll_inst|altpll_component|auto_generated|pll1|clk[0] ; 100.000      ; -0.128     ; 34.488     ;
; 65.403 ; sc_cpu:cpu|sc_datapath:datapath|pc_reg[8] ; sc_cpu:cpu|sc_datapath:datapath|sc_regfile:regfile|regs~617  ; pll_inst|altpll_component|auto_generated|pll1|clk[0] ; pll_inst|altpll_component|auto_generated|pll1|clk[0] ; 100.000      ; -0.079     ; 34.517     ;
; 65.428 ; sc_cpu:cpu|sc_datapath:datapath|pc_reg[8] ; sc_cpu:cpu|sc_datapath:datapath|sc_regfile:regfile|regs~9    ; pll_inst|altpll_component|auto_generated|pll1|clk[0] ; pll_inst|altpll_component|auto_generated|pll1|clk[0] ; 100.000      ; -0.116     ; 34.455     ;
; 65.430 ; sc_cpu:cpu|sc_datapath:datapath|pc_reg[8] ; sc_cpu:cpu|sc_datapath:datapath|sc_regfile:regfile|regs~873  ; pll_inst|altpll_component|auto_generated|pll1|clk[0] ; pll_inst|altpll_component|auto_generated|pll1|clk[0] ; 100.000      ; -0.079     ; 34.490     ;
; 65.430 ; sc_cpu:cpu|sc_datapath:datapath|pc_reg[8] ; sc_cpu:cpu|sc_datapath:datapath|sc_regfile:regfile|regs~265  ; pll_inst|altpll_component|auto_generated|pll1|clk[0] ; pll_inst|altpll_component|auto_generated|pll1|clk[0] ; 100.000      ; -0.116     ; 34.453     ;
; 65.436 ; sc_cpu:cpu|sc_datapath:datapath|pc_reg[2] ; sc_cpu:cpu|sc_datapath:datapath|sc_regfile:regfile|regs~1001 ; pll_inst|altpll_component|auto_generated|pll1|clk[0] ; pll_inst|altpll_component|auto_generated|pll1|clk[0] ; 100.000      ; -0.078     ; 34.485     ;
; 65.466 ; sc_cpu:cpu|sc_datapath:datapath|pc_reg[2] ; sc_cpu:cpu|sc_datapath:datapath|sc_regfile:regfile|regs~745  ; pll_inst|altpll_component|auto_generated|pll1|clk[0] ; pll_inst|altpll_component|auto_generated|pll1|clk[0] ; 100.000      ; -0.078     ; 34.455     ;
; 65.476 ; sc_cpu:cpu|sc_datapath:datapath|pc_reg[8] ; sc_cpu:cpu|sc_datapath:datapath|sc_regfile:regfile|regs~137  ; pll_inst|altpll_component|auto_generated|pll1|clk[0] ; pll_inst|altpll_component|auto_generated|pll1|clk[0] ; 100.000      ; -0.092     ; 34.431     ;
; 65.476 ; sc_cpu:cpu|sc_datapath:datapath|pc_reg[8] ; sc_cpu:cpu|sc_datapath:datapath|sc_regfile:regfile|regs~105  ; pll_inst|altpll_component|auto_generated|pll1|clk[0] ; pll_inst|altpll_component|auto_generated|pll1|clk[0] ; 100.000      ; -0.092     ; 34.431     ;
; 65.480 ; sc_cpu:cpu|sc_datapath:datapath|pc_reg[2] ; sc_cpu:cpu|sc_datapath:datapath|sc_regfile:regfile|regs~169  ; pll_inst|altpll_component|auto_generated|pll1|clk[0] ; pll_inst|altpll_component|auto_generated|pll1|clk[0] ; 100.000      ; -0.100     ; 34.419     ;
; 65.482 ; sc_cpu:cpu|sc_datapath:datapath|pc_reg[9] ; sc_cpu:cpu|sc_datapath:datapath|sc_regfile:regfile|regs~617  ; pll_inst|altpll_component|auto_generated|pll1|clk[0] ; pll_inst|altpll_component|auto_generated|pll1|clk[0] ; 100.000      ; -0.079     ; 34.438     ;
; 65.486 ; sc_cpu:cpu|sc_datapath:datapath|pc_reg[2] ; sc_cpu:cpu|sc_datapath:datapath|sc_regfile:regfile|regs~233  ; pll_inst|altpll_component|auto_generated|pll1|clk[0] ; pll_inst|altpll_component|auto_generated|pll1|clk[0] ; 100.000      ; -0.100     ; 34.413     ;
; 65.507 ; sc_cpu:cpu|sc_datapath:datapath|pc_reg[9] ; sc_cpu:cpu|sc_datapath:datapath|sc_regfile:regfile|regs~9    ; pll_inst|altpll_component|auto_generated|pll1|clk[0] ; pll_inst|altpll_component|auto_generated|pll1|clk[0] ; 100.000      ; -0.116     ; 34.376     ;
; 65.509 ; sc_cpu:cpu|sc_datapath:datapath|pc_reg[9] ; sc_cpu:cpu|sc_datapath:datapath|sc_regfile:regfile|regs~873  ; pll_inst|altpll_component|auto_generated|pll1|clk[0] ; pll_inst|altpll_component|auto_generated|pll1|clk[0] ; 100.000      ; -0.079     ; 34.411     ;
; 65.509 ; sc_cpu:cpu|sc_datapath:datapath|pc_reg[9] ; sc_cpu:cpu|sc_datapath:datapath|sc_regfile:regfile|regs~265  ; pll_inst|altpll_component|auto_generated|pll1|clk[0] ; pll_inst|altpll_component|auto_generated|pll1|clk[0] ; 100.000      ; -0.116     ; 34.374     ;
; 65.514 ; sc_cpu:cpu|sc_datapath:datapath|pc_reg[7] ; sc_cpu:cpu|sc_datapath:datapath|sc_regfile:regfile|regs~86   ; pll_inst|altpll_component|auto_generated|pll1|clk[0] ; pll_inst|altpll_component|auto_generated|pll1|clk[0] ; 100.000      ; -0.114     ; 34.371     ;
+--------+-------------------------------------------+--------------------------------------------------------------+------------------------------------------------------+------------------------------------------------------+--------------+------------+------------+


+--------------------------------------------------------------------------------------------------------------------------------------------------------------------------------------------------------------------------------------------------------+
; Slow 1200mV 0C Model Hold: 'pll_inst|altpll_component|auto_generated|pll1|clk[0]'                                                                                                                                                                      ;
+-------+--------------------------------------------+--------------------------------------------+------------------------------------------------------+------------------------------------------------------+--------------+------------+------------+
; Slack ; From Node                                  ; To Node                                    ; Launch Clock                                         ; Latch Clock                                          ; Relationship ; Clock Skew ; Data Delay ;
+-------+--------------------------------------------+--------------------------------------------+------------------------------------------------------+------------------------------------------------------+--------------+------------+------------+
; 0.400 ; sc_cpu:cpu|sc_datapath:datapath|pc_reg[31] ; sc_cpu:cpu|sc_datapath:datapath|pc_reg[31] ; pll_inst|altpll_component|auto_generated|pll1|clk[0] ; pll_inst|altpll_component|auto_generated|pll1|clk[0] ; 0.000        ; 0.071      ; 0.642      ;
; 0.600 ; sc_cpu:cpu|sc_datapath:datapath|pc_reg[16] ; sc_cpu:cpu|sc_datapath:datapath|pc_reg[16] ; pll_inst|altpll_component|auto_generated|pll1|clk[0] ; pll_inst|altpll_component|auto_generated|pll1|clk[0] ; 0.000        ; 0.071      ; 0.842      ;
; 0.600 ; sc_cpu:cpu|sc_datapath:datapath|pc_reg[14] ; sc_cpu:cpu|sc_datapath:datapath|pc_reg[14] ; pll_inst|altpll_component|auto_generated|pll1|clk[0] ; pll_inst|altpll_component|auto_generated|pll1|clk[0] ; 0.000        ; 0.071      ; 0.842      ;
; 0.600 ; sc_cpu:cpu|sc_datapath:datapath|pc_reg[7]  ; sc_cpu:cpu|sc_datapath:datapath|pc_reg[7]  ; pll_inst|altpll_component|auto_generated|pll1|clk[0] ; pll_inst|altpll_component|auto_generated|pll1|clk[0] ; 0.000        ; 0.071      ; 0.842      ;
; 0.601 ; sc_cpu:cpu|sc_datapath:datapath|pc_reg[23] ; sc_cpu:cpu|sc_datapath:datapath|pc_reg[23] ; pll_inst|altpll_component|auto_generated|pll1|clk[0] ; pll_inst|altpll_component|auto_generated|pll1|clk[0] ; 0.000        ; 0.071      ; 0.843      ;
; 0.601 ; sc_cpu:cpu|sc_datapath:datapath|pc_reg[22] ; sc_cpu:cpu|sc_datapath:datapath|pc_reg[22] ; pll_inst|altpll_component|auto_generated|pll1|clk[0] ; pll_inst|altpll_component|auto_generated|pll1|clk[0] ; 0.000        ; 0.071      ; 0.843      ;
; 0.601 ; sc_cpu:cpu|sc_datapath:datapath|pc_reg[20] ; sc_cpu:cpu|sc_datapath:datapath|pc_reg[20] ; pll_inst|altpll_component|auto_generated|pll1|clk[0] ; pll_inst|altpll_component|auto_generated|pll1|clk[0] ; 0.000        ; 0.071      ; 0.843      ;
; 0.601 ; sc_cpu:cpu|sc_datapath:datapath|pc_reg[12] ; sc_cpu:cpu|sc_datapath:datapath|pc_reg[12] ; pll_inst|altpll_component|auto_generated|pll1|clk[0] ; pll_inst|altpll_component|auto_generated|pll1|clk[0] ; 0.000        ; 0.071      ; 0.843      ;
; 0.602 ; sc_cpu:cpu|sc_datapath:datapath|pc_reg[28] ; sc_cpu:cpu|sc_datapath:datapath|pc_reg[28] ; pll_inst|altpll_component|auto_generated|pll1|clk[0] ; pll_inst|altpll_component|auto_generated|pll1|clk[0] ; 0.000        ; 0.071      ; 0.844      ;
; 0.602 ; sc_cpu:cpu|sc_datapath:datapath|pc_reg[17] ; sc_cpu:cpu|sc_datapath:datapath|pc_reg[17] ; pll_inst|altpll_component|auto_generated|pll1|clk[0] ; pll_inst|altpll_component|auto_generated|pll1|clk[0] ; 0.000        ; 0.071      ; 0.844      ;
; 0.602 ; sc_cpu:cpu|sc_datapath:datapath|pc_reg[15] ; sc_cpu:cpu|sc_datapath:datapath|pc_reg[15] ; pll_inst|altpll_component|auto_generated|pll1|clk[0] ; pll_inst|altpll_component|auto_generated|pll1|clk[0] ; 0.000        ; 0.071      ; 0.844      ;
; 0.602 ; sc_cpu:cpu|sc_datapath:datapath|pc_reg[1]  ; sc_cpu:cpu|sc_datapath:datapath|pc_reg[1]  ; pll_inst|altpll_component|auto_generated|pll1|clk[0] ; pll_inst|altpll_component|auto_generated|pll1|clk[0] ; 0.000        ; 0.072      ; 0.845      ;
; 0.603 ; sc_cpu:cpu|sc_datapath:datapath|pc_reg[19] ; sc_cpu:cpu|sc_datapath:datapath|pc_reg[19] ; pll_inst|altpll_component|auto_generated|pll1|clk[0] ; pll_inst|altpll_component|auto_generated|pll1|clk[0] ; 0.000        ; 0.071      ; 0.845      ;
; 0.603 ; sc_cpu:cpu|sc_datapath:datapath|pc_reg[11] ; sc_cpu:cpu|sc_datapath:datapath|pc_reg[11] ; pll_inst|altpll_component|auto_generated|pll1|clk[0] ; pll_inst|altpll_component|auto_generated|pll1|clk[0] ; 0.000        ; 0.071      ; 0.845      ;
; 0.603 ; sc_cpu:cpu|sc_datapath:datapath|pc_reg[9]  ; sc_cpu:cpu|sc_datapath:datapath|pc_reg[9]  ; pll_inst|altpll_component|auto_generated|pll1|clk[0] ; pll_inst|altpll_component|auto_generated|pll1|clk[0] ; 0.000        ; 0.071      ; 0.845      ;
; 0.604 ; sc_cpu:cpu|sc_datapath:datapath|pc_reg[29] ; sc_cpu:cpu|sc_datapath:datapath|pc_reg[29] ; pll_inst|altpll_component|auto_generated|pll1|clk[0] ; pll_inst|altpll_component|auto_generated|pll1|clk[0] ; 0.000        ; 0.071      ; 0.846      ;
; 0.604 ; sc_cpu:cpu|sc_datapath:datapath|pc_reg[27] ; sc_cpu:cpu|sc_datapath:datapath|pc_reg[27] ; pll_inst|altpll_component|auto_generated|pll1|clk[0] ; pll_inst|altpll_component|auto_generated|pll1|clk[0] ; 0.000        ; 0.071      ; 0.846      ;
; 0.604 ; sc_cpu:cpu|sc_datapath:datapath|pc_reg[25] ; sc_cpu:cpu|sc_datapath:datapath|pc_reg[25] ; pll_inst|altpll_component|auto_generated|pll1|clk[0] ; pll_inst|altpll_component|auto_generated|pll1|clk[0] ; 0.000        ; 0.071      ; 0.846      ;
; 0.604 ; sc_cpu:cpu|sc_datapath:datapath|pc_reg[21] ; sc_cpu:cpu|sc_datapath:datapath|pc_reg[21] ; pll_inst|altpll_component|auto_generated|pll1|clk[0] ; pll_inst|altpll_component|auto_generated|pll1|clk[0] ; 0.000        ; 0.071      ; 0.846      ;
; 0.604 ; sc_cpu:cpu|sc_datapath:datapath|pc_reg[18] ; sc_cpu:cpu|sc_datapath:datapath|pc_reg[18] ; pll_inst|altpll_component|auto_generated|pll1|clk[0] ; pll_inst|altpll_component|auto_generated|pll1|clk[0] ; 0.000        ; 0.071      ; 0.846      ;
; 0.605 ; sc_cpu:cpu|sc_datapath:datapath|pc_reg[10] ; sc_cpu:cpu|sc_datapath:datapath|pc_reg[10] ; pll_inst|altpll_component|auto_generated|pll1|clk[0] ; pll_inst|altpll_component|auto_generated|pll1|clk[0] ; 0.000        ; 0.071      ; 0.847      ;
; 0.605 ; sc_cpu:cpu|sc_datapath:datapath|pc_reg[8]  ; sc_cpu:cpu|sc_datapath:datapath|pc_reg[8]  ; pll_inst|altpll_component|auto_generated|pll1|clk[0] ; pll_inst|altpll_component|auto_generated|pll1|clk[0] ; 0.000        ; 0.071      ; 0.847      ;
; 0.606 ; sc_cpu:cpu|sc_datapath:datapath|pc_reg[26] ; sc_cpu:cpu|sc_datapath:datapath|pc_reg[26] ; pll_inst|altpll_component|auto_generated|pll1|clk[0] ; pll_inst|altpll_component|auto_generated|pll1|clk[0] ; 0.000        ; 0.071      ; 0.848      ;
; 0.608 ; sc_cpu:cpu|sc_datapath:datapath|pc_reg[4]  ; sc_cpu:cpu|sc_datapath:datapath|pc_reg[4]  ; pll_inst|altpll_component|auto_generated|pll1|clk[0] ; pll_inst|altpll_component|auto_generated|pll1|clk[0] ; 0.000        ; 0.071      ; 0.850      ;
; 0.609 ; sc_cpu:cpu|sc_datapath:datapath|pc_reg[3]  ; sc_cpu:cpu|sc_datapath:datapath|pc_reg[3]  ; pll_inst|altpll_component|auto_generated|pll1|clk[0] ; pll_inst|altpll_component|auto_generated|pll1|clk[0] ; 0.000        ; 0.071      ; 0.851      ;
; 0.610 ; sc_cpu:cpu|sc_datapath:datapath|pc_reg[5]  ; sc_cpu:cpu|sc_datapath:datapath|pc_reg[5]  ; pll_inst|altpll_component|auto_generated|pll1|clk[0] ; pll_inst|altpll_component|auto_generated|pll1|clk[0] ; 0.000        ; 0.071      ; 0.852      ;
; 0.619 ; sc_cpu:cpu|sc_datapath:datapath|pc_reg[6]  ; sc_cpu:cpu|sc_datapath:datapath|pc_reg[6]  ; pll_inst|altpll_component|auto_generated|pll1|clk[0] ; pll_inst|altpll_component|auto_generated|pll1|clk[0] ; 0.000        ; 0.071      ; 0.861      ;
; 0.620 ; sc_cpu:cpu|sc_datapath:datapath|pc_reg[30] ; sc_cpu:cpu|sc_datapath:datapath|pc_reg[30] ; pll_inst|altpll_component|auto_generated|pll1|clk[0] ; pll_inst|altpll_component|auto_generated|pll1|clk[0] ; 0.000        ; 0.071      ; 0.862      ;
; 0.622 ; sc_cpu:cpu|sc_datapath:datapath|pc_reg[13] ; sc_cpu:cpu|sc_datapath:datapath|pc_reg[13] ; pll_inst|altpll_component|auto_generated|pll1|clk[0] ; pll_inst|altpll_component|auto_generated|pll1|clk[0] ; 0.000        ; 0.071      ; 0.864      ;
; 0.625 ; sc_cpu:cpu|sc_datapath:datapath|pc_reg[24] ; sc_cpu:cpu|sc_datapath:datapath|pc_reg[24] ; pll_inst|altpll_component|auto_generated|pll1|clk[0] ; pll_inst|altpll_component|auto_generated|pll1|clk[0] ; 0.000        ; 0.071      ; 0.867      ;
; 0.631 ; sc_cpu:cpu|sc_datapath:datapath|pc_reg[2]  ; sc_cpu:cpu|sc_datapath:datapath|pc_reg[2]  ; pll_inst|altpll_component|auto_generated|pll1|clk[0] ; pll_inst|altpll_component|auto_generated|pll1|clk[0] ; 0.000        ; 0.071      ; 0.873      ;
; 0.788 ; sc_cpu:cpu|sc_datapath:datapath|pc_reg[0]  ; sc_cpu:cpu|sc_datapath:datapath|pc_reg[0]  ; pll_inst|altpll_component|auto_generated|pll1|clk[0] ; pll_inst|altpll_component|auto_generated|pll1|clk[0] ; 0.000        ; 0.072      ; 1.031      ;
; 0.884 ; sc_cpu:cpu|sc_datapath:datapath|pc_reg[16] ; sc_cpu:cpu|sc_datapath:datapath|pc_reg[17] ; pll_inst|altpll_component|auto_generated|pll1|clk[0] ; pll_inst|altpll_component|auto_generated|pll1|clk[0] ; 0.000        ; 0.075      ; 1.130      ;
; 0.886 ; sc_cpu:cpu|sc_datapath:datapath|pc_reg[7]  ; sc_cpu:cpu|sc_datapath:datapath|pc_reg[8]  ; pll_inst|altpll_component|auto_generated|pll1|clk[0] ; pll_inst|altpll_component|auto_generated|pll1|clk[0] ; 0.000        ; 0.071      ; 1.128      ;
; 0.887 ; sc_cpu:cpu|sc_datapath:datapath|pc_reg[23] ; sc_cpu:cpu|sc_datapath:datapath|pc_reg[24] ; pll_inst|altpll_component|auto_generated|pll1|clk[0] ; pll_inst|altpll_component|auto_generated|pll1|clk[0] ; 0.000        ; 0.071      ; 1.129      ;
; 0.888 ; sc_cpu:cpu|sc_datapath:datapath|pc_reg[14] ; sc_cpu:cpu|sc_datapath:datapath|pc_reg[15] ; pll_inst|altpll_component|auto_generated|pll1|clk[0] ; pll_inst|altpll_component|auto_generated|pll1|clk[0] ; 0.000        ; 0.071      ; 1.130      ;
; 0.889 ; sc_cpu:cpu|sc_datapath:datapath|pc_reg[15] ; sc_cpu:cpu|sc_datapath:datapath|pc_reg[16] ; pll_inst|altpll_component|auto_generated|pll1|clk[0] ; pll_inst|altpll_component|auto_generated|pll1|clk[0] ; 0.000        ; 0.071      ; 1.131      ;
; 0.889 ; sc_cpu:cpu|sc_datapath:datapath|pc_reg[17] ; sc_cpu:cpu|sc_datapath:datapath|pc_reg[18] ; pll_inst|altpll_component|auto_generated|pll1|clk[0] ; pll_inst|altpll_component|auto_generated|pll1|clk[0] ; 0.000        ; 0.071      ; 1.131      ;
; 0.889 ; sc_cpu:cpu|sc_datapath:datapath|pc_reg[22] ; sc_cpu:cpu|sc_datapath:datapath|pc_reg[23] ; pll_inst|altpll_component|auto_generated|pll1|clk[0] ; pll_inst|altpll_component|auto_generated|pll1|clk[0] ; 0.000        ; 0.071      ; 1.131      ;
; 0.889 ; sc_cpu:cpu|sc_datapath:datapath|pc_reg[20] ; sc_cpu:cpu|sc_datapath:datapath|pc_reg[21] ; pll_inst|altpll_component|auto_generated|pll1|clk[0] ; pll_inst|altpll_component|auto_generated|pll1|clk[0] ; 0.000        ; 0.071      ; 1.131      ;
; 0.889 ; sc_cpu:cpu|sc_datapath:datapath|pc_reg[12] ; sc_cpu:cpu|sc_datapath:datapath|pc_reg[13] ; pll_inst|altpll_component|auto_generated|pll1|clk[0] ; pll_inst|altpll_component|auto_generated|pll1|clk[0] ; 0.000        ; 0.071      ; 1.131      ;
; 0.890 ; sc_cpu:cpu|sc_datapath:datapath|pc_reg[19] ; sc_cpu:cpu|sc_datapath:datapath|pc_reg[20] ; pll_inst|altpll_component|auto_generated|pll1|clk[0] ; pll_inst|altpll_component|auto_generated|pll1|clk[0] ; 0.000        ; 0.071      ; 1.132      ;
; 0.890 ; sc_cpu:cpu|sc_datapath:datapath|pc_reg[11] ; sc_cpu:cpu|sc_datapath:datapath|pc_reg[12] ; pll_inst|altpll_component|auto_generated|pll1|clk[0] ; pll_inst|altpll_component|auto_generated|pll1|clk[0] ; 0.000        ; 0.071      ; 1.132      ;
; 0.890 ; sc_cpu:cpu|sc_datapath:datapath|pc_reg[9]  ; sc_cpu:cpu|sc_datapath:datapath|pc_reg[10] ; pll_inst|altpll_component|auto_generated|pll1|clk[0] ; pll_inst|altpll_component|auto_generated|pll1|clk[0] ; 0.000        ; 0.071      ; 1.132      ;
; 0.890 ; sc_cpu:cpu|sc_datapath:datapath|pc_reg[28] ; sc_cpu:cpu|sc_datapath:datapath|pc_reg[29] ; pll_inst|altpll_component|auto_generated|pll1|clk[0] ; pll_inst|altpll_component|auto_generated|pll1|clk[0] ; 0.000        ; 0.071      ; 1.132      ;
; 0.891 ; sc_cpu:cpu|sc_datapath:datapath|pc_reg[21] ; sc_cpu:cpu|sc_datapath:datapath|pc_reg[22] ; pll_inst|altpll_component|auto_generated|pll1|clk[0] ; pll_inst|altpll_component|auto_generated|pll1|clk[0] ; 0.000        ; 0.071      ; 1.133      ;
; 0.891 ; sc_cpu:cpu|sc_datapath:datapath|pc_reg[27] ; sc_cpu:cpu|sc_datapath:datapath|pc_reg[28] ; pll_inst|altpll_component|auto_generated|pll1|clk[0] ; pll_inst|altpll_component|auto_generated|pll1|clk[0] ; 0.000        ; 0.071      ; 1.133      ;
; 0.891 ; sc_cpu:cpu|sc_datapath:datapath|pc_reg[25] ; sc_cpu:cpu|sc_datapath:datapath|pc_reg[26] ; pll_inst|altpll_component|auto_generated|pll1|clk[0] ; pll_inst|altpll_component|auto_generated|pll1|clk[0] ; 0.000        ; 0.071      ; 1.133      ;
; 0.891 ; sc_cpu:cpu|sc_datapath:datapath|pc_reg[29] ; sc_cpu:cpu|sc_datapath:datapath|pc_reg[30] ; pll_inst|altpll_component|auto_generated|pll1|clk[0] ; pll_inst|altpll_component|auto_generated|pll1|clk[0] ; 0.000        ; 0.071      ; 1.133      ;
; 0.892 ; sc_cpu:cpu|sc_datapath:datapath|pc_reg[18] ; sc_cpu:cpu|sc_datapath:datapath|pc_reg[19] ; pll_inst|altpll_component|auto_generated|pll1|clk[0] ; pll_inst|altpll_component|auto_generated|pll1|clk[0] ; 0.000        ; 0.071      ; 1.134      ;
; 0.893 ; sc_cpu:cpu|sc_datapath:datapath|pc_reg[10] ; sc_cpu:cpu|sc_datapath:datapath|pc_reg[11] ; pll_inst|altpll_component|auto_generated|pll1|clk[0] ; pll_inst|altpll_component|auto_generated|pll1|clk[0] ; 0.000        ; 0.071      ; 1.135      ;
; 0.893 ; sc_cpu:cpu|sc_datapath:datapath|pc_reg[8]  ; sc_cpu:cpu|sc_datapath:datapath|pc_reg[9]  ; pll_inst|altpll_component|auto_generated|pll1|clk[0] ; pll_inst|altpll_component|auto_generated|pll1|clk[0] ; 0.000        ; 0.071      ; 1.135      ;
; 0.894 ; sc_cpu:cpu|sc_datapath:datapath|pc_reg[26] ; sc_cpu:cpu|sc_datapath:datapath|pc_reg[27] ; pll_inst|altpll_component|auto_generated|pll1|clk[0] ; pll_inst|altpll_component|auto_generated|pll1|clk[0] ; 0.000        ; 0.071      ; 1.136      ;
; 0.895 ; sc_cpu:cpu|sc_datapath:datapath|pc_reg[16] ; sc_cpu:cpu|sc_datapath:datapath|pc_reg[18] ; pll_inst|altpll_component|auto_generated|pll1|clk[0] ; pll_inst|altpll_component|auto_generated|pll1|clk[0] ; 0.000        ; 0.075      ; 1.141      ;
; 0.896 ; sc_cpu:cpu|sc_datapath:datapath|pc_reg[3]  ; sc_cpu:cpu|sc_datapath:datapath|pc_reg[4]  ; pll_inst|altpll_component|auto_generated|pll1|clk[0] ; pll_inst|altpll_component|auto_generated|pll1|clk[0] ; 0.000        ; 0.071      ; 1.138      ;
; 0.896 ; sc_cpu:cpu|sc_datapath:datapath|pc_reg[4]  ; sc_cpu:cpu|sc_datapath:datapath|pc_reg[5]  ; pll_inst|altpll_component|auto_generated|pll1|clk[0] ; pll_inst|altpll_component|auto_generated|pll1|clk[0] ; 0.000        ; 0.071      ; 1.138      ;
; 0.897 ; sc_cpu:cpu|sc_datapath:datapath|pc_reg[5]  ; sc_cpu:cpu|sc_datapath:datapath|pc_reg[6]  ; pll_inst|altpll_component|auto_generated|pll1|clk[0] ; pll_inst|altpll_component|auto_generated|pll1|clk[0] ; 0.000        ; 0.071      ; 1.139      ;
; 0.898 ; sc_cpu:cpu|sc_datapath:datapath|pc_reg[2]  ; sc_cpu:cpu|sc_datapath:datapath|pc_reg[3]  ; pll_inst|altpll_component|auto_generated|pll1|clk[0] ; pll_inst|altpll_component|auto_generated|pll1|clk[0] ; 0.000        ; 0.071      ; 1.140      ;
; 0.899 ; sc_cpu:cpu|sc_datapath:datapath|pc_reg[14] ; sc_cpu:cpu|sc_datapath:datapath|pc_reg[16] ; pll_inst|altpll_component|auto_generated|pll1|clk[0] ; pll_inst|altpll_component|auto_generated|pll1|clk[0] ; 0.000        ; 0.071      ; 1.141      ;
; 0.900 ; sc_cpu:cpu|sc_datapath:datapath|pc_reg[12] ; sc_cpu:cpu|sc_datapath:datapath|pc_reg[14] ; pll_inst|altpll_component|auto_generated|pll1|clk[0] ; pll_inst|altpll_component|auto_generated|pll1|clk[0] ; 0.000        ; 0.071      ; 1.142      ;
; 0.900 ; sc_cpu:cpu|sc_datapath:datapath|pc_reg[22] ; sc_cpu:cpu|sc_datapath:datapath|pc_reg[24] ; pll_inst|altpll_component|auto_generated|pll1|clk[0] ; pll_inst|altpll_component|auto_generated|pll1|clk[0] ; 0.000        ; 0.071      ; 1.142      ;
; 0.900 ; sc_cpu:cpu|sc_datapath:datapath|pc_reg[20] ; sc_cpu:cpu|sc_datapath:datapath|pc_reg[22] ; pll_inst|altpll_component|auto_generated|pll1|clk[0] ; pll_inst|altpll_component|auto_generated|pll1|clk[0] ; 0.000        ; 0.071      ; 1.142      ;
; 0.901 ; sc_cpu:cpu|sc_datapath:datapath|pc_reg[28] ; sc_cpu:cpu|sc_datapath:datapath|pc_reg[30] ; pll_inst|altpll_component|auto_generated|pll1|clk[0] ; pll_inst|altpll_component|auto_generated|pll1|clk[0] ; 0.000        ; 0.071      ; 1.143      ;
; 0.903 ; sc_cpu:cpu|sc_datapath:datapath|pc_reg[18] ; sc_cpu:cpu|sc_datapath:datapath|pc_reg[20] ; pll_inst|altpll_component|auto_generated|pll1|clk[0] ; pll_inst|altpll_component|auto_generated|pll1|clk[0] ; 0.000        ; 0.071      ; 1.145      ;
; 0.904 ; sc_cpu:cpu|sc_datapath:datapath|pc_reg[10] ; sc_cpu:cpu|sc_datapath:datapath|pc_reg[12] ; pll_inst|altpll_component|auto_generated|pll1|clk[0] ; pll_inst|altpll_component|auto_generated|pll1|clk[0] ; 0.000        ; 0.071      ; 1.146      ;
; 0.904 ; sc_cpu:cpu|sc_datapath:datapath|pc_reg[8]  ; sc_cpu:cpu|sc_datapath:datapath|pc_reg[10] ; pll_inst|altpll_component|auto_generated|pll1|clk[0] ; pll_inst|altpll_component|auto_generated|pll1|clk[0] ; 0.000        ; 0.071      ; 1.146      ;
; 0.905 ; sc_cpu:cpu|sc_datapath:datapath|pc_reg[26] ; sc_cpu:cpu|sc_datapath:datapath|pc_reg[28] ; pll_inst|altpll_component|auto_generated|pll1|clk[0] ; pll_inst|altpll_component|auto_generated|pll1|clk[0] ; 0.000        ; 0.071      ; 1.147      ;
; 0.907 ; sc_cpu:cpu|sc_datapath:datapath|pc_reg[6]  ; sc_cpu:cpu|sc_datapath:datapath|pc_reg[7]  ; pll_inst|altpll_component|auto_generated|pll1|clk[0] ; pll_inst|altpll_component|auto_generated|pll1|clk[0] ; 0.000        ; 0.071      ; 1.149      ;
; 0.907 ; sc_cpu:cpu|sc_datapath:datapath|pc_reg[4]  ; sc_cpu:cpu|sc_datapath:datapath|pc_reg[6]  ; pll_inst|altpll_component|auto_generated|pll1|clk[0] ; pll_inst|altpll_component|auto_generated|pll1|clk[0] ; 0.000        ; 0.071      ; 1.149      ;
; 0.908 ; sc_cpu:cpu|sc_datapath:datapath|pc_reg[30] ; sc_cpu:cpu|sc_datapath:datapath|pc_reg[31] ; pll_inst|altpll_component|auto_generated|pll1|clk[0] ; pll_inst|altpll_component|auto_generated|pll1|clk[0] ; 0.000        ; 0.071      ; 1.150      ;
; 0.909 ; sc_cpu:cpu|sc_datapath:datapath|pc_reg[2]  ; sc_cpu:cpu|sc_datapath:datapath|pc_reg[4]  ; pll_inst|altpll_component|auto_generated|pll1|clk[0] ; pll_inst|altpll_component|auto_generated|pll1|clk[0] ; 0.000        ; 0.071      ; 1.151      ;
; 0.909 ; sc_cpu:cpu|sc_datapath:datapath|pc_reg[13] ; sc_cpu:cpu|sc_datapath:datapath|pc_reg[14] ; pll_inst|altpll_component|auto_generated|pll1|clk[0] ; pll_inst|altpll_component|auto_generated|pll1|clk[0] ; 0.000        ; 0.071      ; 1.151      ;
; 0.913 ; sc_cpu:cpu|sc_datapath:datapath|pc_reg[24] ; sc_cpu:cpu|sc_datapath:datapath|pc_reg[25] ; pll_inst|altpll_component|auto_generated|pll1|clk[0] ; pll_inst|altpll_component|auto_generated|pll1|clk[0] ; 0.000        ; 0.071      ; 1.155      ;
; 0.918 ; sc_cpu:cpu|sc_datapath:datapath|pc_reg[6]  ; sc_cpu:cpu|sc_datapath:datapath|pc_reg[8]  ; pll_inst|altpll_component|auto_generated|pll1|clk[0] ; pll_inst|altpll_component|auto_generated|pll1|clk[0] ; 0.000        ; 0.071      ; 1.160      ;
; 0.924 ; sc_cpu:cpu|sc_datapath:datapath|pc_reg[24] ; sc_cpu:cpu|sc_datapath:datapath|pc_reg[26] ; pll_inst|altpll_component|auto_generated|pll1|clk[0] ; pll_inst|altpll_component|auto_generated|pll1|clk[0] ; 0.000        ; 0.071      ; 1.166      ;
; 0.984 ; sc_cpu:cpu|sc_datapath:datapath|pc_reg[15] ; sc_cpu:cpu|sc_datapath:datapath|pc_reg[17] ; pll_inst|altpll_component|auto_generated|pll1|clk[0] ; pll_inst|altpll_component|auto_generated|pll1|clk[0] ; 0.000        ; 0.075      ; 1.230      ;
; 0.985 ; sc_cpu:cpu|sc_datapath:datapath|pc_reg[7]  ; sc_cpu:cpu|sc_datapath:datapath|pc_reg[9]  ; pll_inst|altpll_component|auto_generated|pll1|clk[0] ; pll_inst|altpll_component|auto_generated|pll1|clk[0] ; 0.000        ; 0.071      ; 1.227      ;
; 0.986 ; sc_cpu:cpu|sc_datapath:datapath|pc_reg[23] ; sc_cpu:cpu|sc_datapath:datapath|pc_reg[25] ; pll_inst|altpll_component|auto_generated|pll1|clk[0] ; pll_inst|altpll_component|auto_generated|pll1|clk[0] ; 0.000        ; 0.071      ; 1.228      ;
; 0.988 ; sc_cpu:cpu|sc_datapath:datapath|pc_reg[17] ; sc_cpu:cpu|sc_datapath:datapath|pc_reg[19] ; pll_inst|altpll_component|auto_generated|pll1|clk[0] ; pll_inst|altpll_component|auto_generated|pll1|clk[0] ; 0.000        ; 0.071      ; 1.230      ;
; 0.989 ; sc_cpu:cpu|sc_datapath:datapath|pc_reg[19] ; sc_cpu:cpu|sc_datapath:datapath|pc_reg[21] ; pll_inst|altpll_component|auto_generated|pll1|clk[0] ; pll_inst|altpll_component|auto_generated|pll1|clk[0] ; 0.000        ; 0.071      ; 1.231      ;
; 0.989 ; sc_cpu:cpu|sc_datapath:datapath|pc_reg[11] ; sc_cpu:cpu|sc_datapath:datapath|pc_reg[13] ; pll_inst|altpll_component|auto_generated|pll1|clk[0] ; pll_inst|altpll_component|auto_generated|pll1|clk[0] ; 0.000        ; 0.071      ; 1.231      ;
; 0.989 ; sc_cpu:cpu|sc_datapath:datapath|pc_reg[9]  ; sc_cpu:cpu|sc_datapath:datapath|pc_reg[11] ; pll_inst|altpll_component|auto_generated|pll1|clk[0] ; pll_inst|altpll_component|auto_generated|pll1|clk[0] ; 0.000        ; 0.071      ; 1.231      ;
; 0.990 ; sc_cpu:cpu|sc_datapath:datapath|pc_reg[21] ; sc_cpu:cpu|sc_datapath:datapath|pc_reg[23] ; pll_inst|altpll_component|auto_generated|pll1|clk[0] ; pll_inst|altpll_component|auto_generated|pll1|clk[0] ; 0.000        ; 0.071      ; 1.232      ;
; 0.990 ; sc_cpu:cpu|sc_datapath:datapath|pc_reg[27] ; sc_cpu:cpu|sc_datapath:datapath|pc_reg[29] ; pll_inst|altpll_component|auto_generated|pll1|clk[0] ; pll_inst|altpll_component|auto_generated|pll1|clk[0] ; 0.000        ; 0.071      ; 1.232      ;
; 0.990 ; sc_cpu:cpu|sc_datapath:datapath|pc_reg[25] ; sc_cpu:cpu|sc_datapath:datapath|pc_reg[27] ; pll_inst|altpll_component|auto_generated|pll1|clk[0] ; pll_inst|altpll_component|auto_generated|pll1|clk[0] ; 0.000        ; 0.071      ; 1.232      ;
; 0.990 ; sc_cpu:cpu|sc_datapath:datapath|pc_reg[29] ; sc_cpu:cpu|sc_datapath:datapath|pc_reg[31] ; pll_inst|altpll_component|auto_generated|pll1|clk[0] ; pll_inst|altpll_component|auto_generated|pll1|clk[0] ; 0.000        ; 0.071      ; 1.232      ;
; 0.994 ; sc_cpu:cpu|sc_datapath:datapath|pc_reg[14] ; sc_cpu:cpu|sc_datapath:datapath|pc_reg[17] ; pll_inst|altpll_component|auto_generated|pll1|clk[0] ; pll_inst|altpll_component|auto_generated|pll1|clk[0] ; 0.000        ; 0.075      ; 1.240      ;
; 0.994 ; sc_cpu:cpu|sc_datapath:datapath|pc_reg[16] ; sc_cpu:cpu|sc_datapath:datapath|pc_reg[19] ; pll_inst|altpll_component|auto_generated|pll1|clk[0] ; pll_inst|altpll_component|auto_generated|pll1|clk[0] ; 0.000        ; 0.075      ; 1.240      ;
; 0.995 ; sc_cpu:cpu|sc_datapath:datapath|pc_reg[15] ; sc_cpu:cpu|sc_datapath:datapath|pc_reg[18] ; pll_inst|altpll_component|auto_generated|pll1|clk[0] ; pll_inst|altpll_component|auto_generated|pll1|clk[0] ; 0.000        ; 0.075      ; 1.241      ;
; 0.995 ; sc_cpu:cpu|sc_datapath:datapath|pc_reg[3]  ; sc_cpu:cpu|sc_datapath:datapath|pc_reg[5]  ; pll_inst|altpll_component|auto_generated|pll1|clk[0] ; pll_inst|altpll_component|auto_generated|pll1|clk[0] ; 0.000        ; 0.071      ; 1.237      ;
; 0.996 ; sc_cpu:cpu|sc_datapath:datapath|pc_reg[7]  ; sc_cpu:cpu|sc_datapath:datapath|pc_reg[10] ; pll_inst|altpll_component|auto_generated|pll1|clk[0] ; pll_inst|altpll_component|auto_generated|pll1|clk[0] ; 0.000        ; 0.071      ; 1.238      ;
; 0.996 ; sc_cpu:cpu|sc_datapath:datapath|pc_reg[5]  ; sc_cpu:cpu|sc_datapath:datapath|pc_reg[7]  ; pll_inst|altpll_component|auto_generated|pll1|clk[0] ; pll_inst|altpll_component|auto_generated|pll1|clk[0] ; 0.000        ; 0.071      ; 1.238      ;
; 0.997 ; sc_cpu:cpu|sc_datapath:datapath|pc_reg[23] ; sc_cpu:cpu|sc_datapath:datapath|pc_reg[26] ; pll_inst|altpll_component|auto_generated|pll1|clk[0] ; pll_inst|altpll_component|auto_generated|pll1|clk[0] ; 0.000        ; 0.071      ; 1.239      ;
; 0.999 ; sc_cpu:cpu|sc_datapath:datapath|pc_reg[12] ; sc_cpu:cpu|sc_datapath:datapath|pc_reg[15] ; pll_inst|altpll_component|auto_generated|pll1|clk[0] ; pll_inst|altpll_component|auto_generated|pll1|clk[0] ; 0.000        ; 0.071      ; 1.241      ;
; 0.999 ; sc_cpu:cpu|sc_datapath:datapath|pc_reg[17] ; sc_cpu:cpu|sc_datapath:datapath|pc_reg[20] ; pll_inst|altpll_component|auto_generated|pll1|clk[0] ; pll_inst|altpll_component|auto_generated|pll1|clk[0] ; 0.000        ; 0.071      ; 1.241      ;
; 0.999 ; sc_cpu:cpu|sc_datapath:datapath|pc_reg[22] ; sc_cpu:cpu|sc_datapath:datapath|pc_reg[25] ; pll_inst|altpll_component|auto_generated|pll1|clk[0] ; pll_inst|altpll_component|auto_generated|pll1|clk[0] ; 0.000        ; 0.071      ; 1.241      ;
; 0.999 ; sc_cpu:cpu|sc_datapath:datapath|pc_reg[20] ; sc_cpu:cpu|sc_datapath:datapath|pc_reg[23] ; pll_inst|altpll_component|auto_generated|pll1|clk[0] ; pll_inst|altpll_component|auto_generated|pll1|clk[0] ; 0.000        ; 0.071      ; 1.241      ;
; 1.000 ; sc_cpu:cpu|sc_datapath:datapath|pc_reg[11] ; sc_cpu:cpu|sc_datapath:datapath|pc_reg[14] ; pll_inst|altpll_component|auto_generated|pll1|clk[0] ; pll_inst|altpll_component|auto_generated|pll1|clk[0] ; 0.000        ; 0.071      ; 1.242      ;
; 1.000 ; sc_cpu:cpu|sc_datapath:datapath|pc_reg[19] ; sc_cpu:cpu|sc_datapath:datapath|pc_reg[22] ; pll_inst|altpll_component|auto_generated|pll1|clk[0] ; pll_inst|altpll_component|auto_generated|pll1|clk[0] ; 0.000        ; 0.071      ; 1.242      ;
; 1.000 ; sc_cpu:cpu|sc_datapath:datapath|pc_reg[9]  ; sc_cpu:cpu|sc_datapath:datapath|pc_reg[12] ; pll_inst|altpll_component|auto_generated|pll1|clk[0] ; pll_inst|altpll_component|auto_generated|pll1|clk[0] ; 0.000        ; 0.071      ; 1.242      ;
+-------+--------------------------------------------+--------------------------------------------+------------------------------------------------------+------------------------------------------------------+--------------+------------+------------+


----------------------------------------------
; Slow 1200mV 0C Model Metastability Summary ;
----------------------------------------------
No synchronizer chains to report.


+-------------------------------------------------------------------------------+
; Fast 1200mV 0C Model Setup Summary                                            ;
+------------------------------------------------------+--------+---------------+
; Clock                                                ; Slack  ; End Point TNS ;
+------------------------------------------------------+--------+---------------+
; pll_inst|altpll_component|auto_generated|pll1|clk[0] ; 79.462 ; 0.000         ;
+------------------------------------------------------+--------+---------------+


+------------------------------------------------------------------------------+
; Fast 1200mV 0C Model Hold Summary                                            ;
+------------------------------------------------------+-------+---------------+
; Clock                                                ; Slack ; End Point TNS ;
+------------------------------------------------------+-------+---------------+
; pll_inst|altpll_component|auto_generated|pll1|clk[0] ; 0.199 ; 0.000         ;
+------------------------------------------------------+-------+---------------+


-----------------------------------------
; Fast 1200mV 0C Model Recovery Summary ;
-----------------------------------------
No paths to report.


----------------------------------------
; Fast 1200mV 0C Model Removal Summary ;
----------------------------------------
No paths to report.


+-------------------------------------------------------------------------------+
; Fast 1200mV 0C Model Minimum Pulse Width Summary                              ;
+------------------------------------------------------+--------+---------------+
; Clock                                                ; Slack  ; End Point TNS ;
+------------------------------------------------------+--------+---------------+
; clk                                                  ; 9.574  ; 0.000         ;
; pll_inst|altpll_component|auto_generated|pll1|clk[0] ; 49.779 ; 0.000         ;
+------------------------------------------------------+--------+---------------+


+--------------------------------------------------------------------------------------------------------------------------------------------------------------------------------------------------------------------------------------------------------------------------+
; Fast 1200mV 0C Model Setup: 'pll_inst|altpll_component|auto_generated|pll1|clk[0]'                                                                                                                                                                                       ;
+--------+-------------------------------------------+--------------------------------------------------------------+------------------------------------------------------+------------------------------------------------------+--------------+------------+------------+
; Slack  ; From Node                                 ; To Node                                                      ; Launch Clock                                         ; Latch Clock                                          ; Relationship ; Clock Skew ; Data Delay ;
+--------+-------------------------------------------+--------------------------------------------------------------+------------------------------------------------------+------------------------------------------------------+--------------+------------+------------+
; 79.462 ; sc_cpu:cpu|sc_datapath:datapath|pc_reg[4] ; sc_cpu:cpu|sc_datapath:datapath|sc_regfile:regfile|regs~73   ; pll_inst|altpll_component|auto_generated|pll1|clk[0] ; pll_inst|altpll_component|auto_generated|pll1|clk[0] ; 100.000      ; -0.085     ; 20.440     ;
; 79.469 ; sc_cpu:cpu|sc_datapath:datapath|pc_reg[4] ; sc_cpu:cpu|sc_datapath:datapath|sc_regfile:regfile|regs~41   ; pll_inst|altpll_component|auto_generated|pll1|clk[0] ; pll_inst|altpll_component|auto_generated|pll1|clk[0] ; 100.000      ; -0.085     ; 20.433     ;
; 79.474 ; sc_cpu:cpu|sc_datapath:datapath|pc_reg[3] ; sc_cpu:cpu|sc_datapath:datapath|sc_regfile:regfile|regs~73   ; pll_inst|altpll_component|auto_generated|pll1|clk[0] ; pll_inst|altpll_component|auto_generated|pll1|clk[0] ; 100.000      ; -0.085     ; 20.428     ;
; 79.481 ; sc_cpu:cpu|sc_datapath:datapath|pc_reg[3] ; sc_cpu:cpu|sc_datapath:datapath|sc_regfile:regfile|regs~41   ; pll_inst|altpll_component|auto_generated|pll1|clk[0] ; pll_inst|altpll_component|auto_generated|pll1|clk[0] ; 100.000      ; -0.085     ; 20.421     ;
; 79.490 ; sc_cpu:cpu|sc_datapath:datapath|pc_reg[7] ; sc_cpu:cpu|sc_datapath:datapath|sc_regfile:regfile|regs~73   ; pll_inst|altpll_component|auto_generated|pll1|clk[0] ; pll_inst|altpll_component|auto_generated|pll1|clk[0] ; 100.000      ; -0.085     ; 20.412     ;
; 79.497 ; sc_cpu:cpu|sc_datapath:datapath|pc_reg[7] ; sc_cpu:cpu|sc_datapath:datapath|sc_regfile:regfile|regs~41   ; pll_inst|altpll_component|auto_generated|pll1|clk[0] ; pll_inst|altpll_component|auto_generated|pll1|clk[0] ; 100.000      ; -0.085     ; 20.405     ;
; 79.594 ; sc_cpu:cpu|sc_datapath:datapath|pc_reg[2] ; sc_cpu:cpu|sc_datapath:datapath|sc_regfile:regfile|regs~73   ; pll_inst|altpll_component|auto_generated|pll1|clk[0] ; pll_inst|altpll_component|auto_generated|pll1|clk[0] ; 100.000      ; -0.085     ; 20.308     ;
; 79.601 ; sc_cpu:cpu|sc_datapath:datapath|pc_reg[2] ; sc_cpu:cpu|sc_datapath:datapath|sc_regfile:regfile|regs~41   ; pll_inst|altpll_component|auto_generated|pll1|clk[0] ; pll_inst|altpll_component|auto_generated|pll1|clk[0] ; 100.000      ; -0.085     ; 20.301     ;
; 79.613 ; sc_cpu:cpu|sc_datapath:datapath|pc_reg[4] ; sc_cpu:cpu|sc_datapath:datapath|sc_regfile:regfile|regs~681  ; pll_inst|altpll_component|auto_generated|pll1|clk[0] ; pll_inst|altpll_component|auto_generated|pll1|clk[0] ; 100.000      ; -0.076     ; 20.298     ;
; 79.620 ; sc_cpu:cpu|sc_datapath:datapath|pc_reg[4] ; sc_cpu:cpu|sc_datapath:datapath|sc_regfile:regfile|regs~553  ; pll_inst|altpll_component|auto_generated|pll1|clk[0] ; pll_inst|altpll_component|auto_generated|pll1|clk[0] ; 100.000      ; -0.076     ; 20.291     ;
; 79.625 ; sc_cpu:cpu|sc_datapath:datapath|pc_reg[3] ; sc_cpu:cpu|sc_datapath:datapath|sc_regfile:regfile|regs~681  ; pll_inst|altpll_component|auto_generated|pll1|clk[0] ; pll_inst|altpll_component|auto_generated|pll1|clk[0] ; 100.000      ; -0.076     ; 20.286     ;
; 79.632 ; sc_cpu:cpu|sc_datapath:datapath|pc_reg[8] ; sc_cpu:cpu|sc_datapath:datapath|sc_regfile:regfile|regs~73   ; pll_inst|altpll_component|auto_generated|pll1|clk[0] ; pll_inst|altpll_component|auto_generated|pll1|clk[0] ; 100.000      ; -0.085     ; 20.270     ;
; 79.632 ; sc_cpu:cpu|sc_datapath:datapath|pc_reg[3] ; sc_cpu:cpu|sc_datapath:datapath|sc_regfile:regfile|regs~553  ; pll_inst|altpll_component|auto_generated|pll1|clk[0] ; pll_inst|altpll_component|auto_generated|pll1|clk[0] ; 100.000      ; -0.076     ; 20.279     ;
; 79.639 ; sc_cpu:cpu|sc_datapath:datapath|pc_reg[8] ; sc_cpu:cpu|sc_datapath:datapath|sc_regfile:regfile|regs~41   ; pll_inst|altpll_component|auto_generated|pll1|clk[0] ; pll_inst|altpll_component|auto_generated|pll1|clk[0] ; 100.000      ; -0.085     ; 20.263     ;
; 79.641 ; sc_cpu:cpu|sc_datapath:datapath|pc_reg[7] ; sc_cpu:cpu|sc_datapath:datapath|sc_regfile:regfile|regs~681  ; pll_inst|altpll_component|auto_generated|pll1|clk[0] ; pll_inst|altpll_component|auto_generated|pll1|clk[0] ; 100.000      ; -0.076     ; 20.270     ;
; 79.648 ; sc_cpu:cpu|sc_datapath:datapath|pc_reg[7] ; sc_cpu:cpu|sc_datapath:datapath|sc_regfile:regfile|regs~553  ; pll_inst|altpll_component|auto_generated|pll1|clk[0] ; pll_inst|altpll_component|auto_generated|pll1|clk[0] ; 100.000      ; -0.076     ; 20.263     ;
; 79.670 ; sc_cpu:cpu|sc_datapath:datapath|pc_reg[9] ; sc_cpu:cpu|sc_datapath:datapath|sc_regfile:regfile|regs~73   ; pll_inst|altpll_component|auto_generated|pll1|clk[0] ; pll_inst|altpll_component|auto_generated|pll1|clk[0] ; 100.000      ; -0.085     ; 20.232     ;
; 79.677 ; sc_cpu:cpu|sc_datapath:datapath|pc_reg[9] ; sc_cpu:cpu|sc_datapath:datapath|sc_regfile:regfile|regs~41   ; pll_inst|altpll_component|auto_generated|pll1|clk[0] ; pll_inst|altpll_component|auto_generated|pll1|clk[0] ; 100.000      ; -0.085     ; 20.225     ;
; 79.700 ; sc_cpu:cpu|sc_datapath:datapath|pc_reg[4] ; sc_cpu:cpu|sc_datapath:datapath|sc_regfile:regfile|regs~937  ; pll_inst|altpll_component|auto_generated|pll1|clk[0] ; pll_inst|altpll_component|auto_generated|pll1|clk[0] ; 100.000      ; -0.074     ; 20.213     ;
; 79.712 ; sc_cpu:cpu|sc_datapath:datapath|pc_reg[3] ; sc_cpu:cpu|sc_datapath:datapath|sc_regfile:regfile|regs~937  ; pll_inst|altpll_component|auto_generated|pll1|clk[0] ; pll_inst|altpll_component|auto_generated|pll1|clk[0] ; 100.000      ; -0.074     ; 20.201     ;
; 79.728 ; sc_cpu:cpu|sc_datapath:datapath|pc_reg[7] ; sc_cpu:cpu|sc_datapath:datapath|sc_regfile:regfile|regs~937  ; pll_inst|altpll_component|auto_generated|pll1|clk[0] ; pll_inst|altpll_component|auto_generated|pll1|clk[0] ; 100.000      ; -0.074     ; 20.185     ;
; 79.745 ; sc_cpu:cpu|sc_datapath:datapath|pc_reg[2] ; sc_cpu:cpu|sc_datapath:datapath|sc_regfile:regfile|regs~681  ; pll_inst|altpll_component|auto_generated|pll1|clk[0] ; pll_inst|altpll_component|auto_generated|pll1|clk[0] ; 100.000      ; -0.076     ; 20.166     ;
; 79.752 ; sc_cpu:cpu|sc_datapath:datapath|pc_reg[2] ; sc_cpu:cpu|sc_datapath:datapath|sc_regfile:regfile|regs~553  ; pll_inst|altpll_component|auto_generated|pll1|clk[0] ; pll_inst|altpll_component|auto_generated|pll1|clk[0] ; 100.000      ; -0.076     ; 20.159     ;
; 79.755 ; sc_cpu:cpu|sc_datapath:datapath|pc_reg[5] ; sc_cpu:cpu|sc_datapath:datapath|sc_regfile:regfile|regs~73   ; pll_inst|altpll_component|auto_generated|pll1|clk[0] ; pll_inst|altpll_component|auto_generated|pll1|clk[0] ; 100.000      ; -0.085     ; 20.147     ;
; 79.762 ; sc_cpu:cpu|sc_datapath:datapath|pc_reg[5] ; sc_cpu:cpu|sc_datapath:datapath|sc_regfile:regfile|regs~41   ; pll_inst|altpll_component|auto_generated|pll1|clk[0] ; pll_inst|altpll_component|auto_generated|pll1|clk[0] ; 100.000      ; -0.085     ; 20.140     ;
; 79.783 ; sc_cpu:cpu|sc_datapath:datapath|pc_reg[8] ; sc_cpu:cpu|sc_datapath:datapath|sc_regfile:regfile|regs~681  ; pll_inst|altpll_component|auto_generated|pll1|clk[0] ; pll_inst|altpll_component|auto_generated|pll1|clk[0] ; 100.000      ; -0.076     ; 20.128     ;
; 79.790 ; sc_cpu:cpu|sc_datapath:datapath|pc_reg[8] ; sc_cpu:cpu|sc_datapath:datapath|sc_regfile:regfile|regs~553  ; pll_inst|altpll_component|auto_generated|pll1|clk[0] ; pll_inst|altpll_component|auto_generated|pll1|clk[0] ; 100.000      ; -0.076     ; 20.121     ;
; 79.821 ; sc_cpu:cpu|sc_datapath:datapath|pc_reg[9] ; sc_cpu:cpu|sc_datapath:datapath|sc_regfile:regfile|regs~681  ; pll_inst|altpll_component|auto_generated|pll1|clk[0] ; pll_inst|altpll_component|auto_generated|pll1|clk[0] ; 100.000      ; -0.076     ; 20.090     ;
; 79.828 ; sc_cpu:cpu|sc_datapath:datapath|pc_reg[9] ; sc_cpu:cpu|sc_datapath:datapath|sc_regfile:regfile|regs~553  ; pll_inst|altpll_component|auto_generated|pll1|clk[0] ; pll_inst|altpll_component|auto_generated|pll1|clk[0] ; 100.000      ; -0.076     ; 20.083     ;
; 79.832 ; sc_cpu:cpu|sc_datapath:datapath|pc_reg[4] ; sc_cpu:cpu|sc_datapath:datapath|sc_regfile:regfile|regs~169  ; pll_inst|altpll_component|auto_generated|pll1|clk[0] ; pll_inst|altpll_component|auto_generated|pll1|clk[0] ; 100.000      ; -0.069     ; 20.086     ;
; 79.832 ; sc_cpu:cpu|sc_datapath:datapath|pc_reg[2] ; sc_cpu:cpu|sc_datapath:datapath|sc_regfile:regfile|regs~937  ; pll_inst|altpll_component|auto_generated|pll1|clk[0] ; pll_inst|altpll_component|auto_generated|pll1|clk[0] ; 100.000      ; -0.074     ; 20.081     ;
; 79.839 ; sc_cpu:cpu|sc_datapath:datapath|pc_reg[4] ; sc_cpu:cpu|sc_datapath:datapath|sc_regfile:regfile|regs~233  ; pll_inst|altpll_component|auto_generated|pll1|clk[0] ; pll_inst|altpll_component|auto_generated|pll1|clk[0] ; 100.000      ; -0.069     ; 20.079     ;
; 79.844 ; sc_cpu:cpu|sc_datapath:datapath|pc_reg[3] ; sc_cpu:cpu|sc_datapath:datapath|sc_regfile:regfile|regs~169  ; pll_inst|altpll_component|auto_generated|pll1|clk[0] ; pll_inst|altpll_component|auto_generated|pll1|clk[0] ; 100.000      ; -0.069     ; 20.074     ;
; 79.846 ; sc_cpu:cpu|sc_datapath:datapath|pc_reg[4] ; sc_cpu:cpu|sc_datapath:datapath|sc_regfile:regfile|regs~745  ; pll_inst|altpll_component|auto_generated|pll1|clk[0] ; pll_inst|altpll_component|auto_generated|pll1|clk[0] ; 100.000      ; -0.050     ; 20.091     ;
; 79.850 ; sc_cpu:cpu|sc_datapath:datapath|pc_reg[4] ; sc_cpu:cpu|sc_datapath:datapath|sc_regfile:regfile|regs~1001 ; pll_inst|altpll_component|auto_generated|pll1|clk[0] ; pll_inst|altpll_component|auto_generated|pll1|clk[0] ; 100.000      ; -0.050     ; 20.087     ;
; 79.851 ; sc_cpu:cpu|sc_datapath:datapath|pc_reg[3] ; sc_cpu:cpu|sc_datapath:datapath|sc_regfile:regfile|regs~233  ; pll_inst|altpll_component|auto_generated|pll1|clk[0] ; pll_inst|altpll_component|auto_generated|pll1|clk[0] ; 100.000      ; -0.069     ; 20.067     ;
; 79.858 ; sc_cpu:cpu|sc_datapath:datapath|pc_reg[3] ; sc_cpu:cpu|sc_datapath:datapath|sc_regfile:regfile|regs~745  ; pll_inst|altpll_component|auto_generated|pll1|clk[0] ; pll_inst|altpll_component|auto_generated|pll1|clk[0] ; 100.000      ; -0.050     ; 20.079     ;
; 79.860 ; sc_cpu:cpu|sc_datapath:datapath|pc_reg[7] ; sc_cpu:cpu|sc_datapath:datapath|sc_regfile:regfile|regs~169  ; pll_inst|altpll_component|auto_generated|pll1|clk[0] ; pll_inst|altpll_component|auto_generated|pll1|clk[0] ; 100.000      ; -0.069     ; 20.058     ;
; 79.862 ; sc_cpu:cpu|sc_datapath:datapath|pc_reg[3] ; sc_cpu:cpu|sc_datapath:datapath|sc_regfile:regfile|regs~1001 ; pll_inst|altpll_component|auto_generated|pll1|clk[0] ; pll_inst|altpll_component|auto_generated|pll1|clk[0] ; 100.000      ; -0.050     ; 20.075     ;
; 79.863 ; sc_cpu:cpu|sc_datapath:datapath|pc_reg[4] ; sc_cpu:cpu|sc_datapath:datapath|sc_regfile:regfile|regs~777  ; pll_inst|altpll_component|auto_generated|pll1|clk[0] ; pll_inst|altpll_component|auto_generated|pll1|clk[0] ; 100.000      ; -0.098     ; 20.026     ;
; 79.867 ; sc_cpu:cpu|sc_datapath:datapath|pc_reg[7] ; sc_cpu:cpu|sc_datapath:datapath|sc_regfile:regfile|regs~233  ; pll_inst|altpll_component|auto_generated|pll1|clk[0] ; pll_inst|altpll_component|auto_generated|pll1|clk[0] ; 100.000      ; -0.069     ; 20.051     ;
; 79.870 ; sc_cpu:cpu|sc_datapath:datapath|pc_reg[8] ; sc_cpu:cpu|sc_datapath:datapath|sc_regfile:regfile|regs~937  ; pll_inst|altpll_component|auto_generated|pll1|clk[0] ; pll_inst|altpll_component|auto_generated|pll1|clk[0] ; 100.000      ; -0.074     ; 20.043     ;
; 79.871 ; sc_cpu:cpu|sc_datapath:datapath|pc_reg[4] ; sc_cpu:cpu|sc_datapath:datapath|sc_regfile:regfile|regs~905  ; pll_inst|altpll_component|auto_generated|pll1|clk[0] ; pll_inst|altpll_component|auto_generated|pll1|clk[0] ; 100.000      ; -0.098     ; 20.018     ;
; 79.874 ; sc_cpu:cpu|sc_datapath:datapath|pc_reg[7] ; sc_cpu:cpu|sc_datapath:datapath|sc_regfile:regfile|regs~745  ; pll_inst|altpll_component|auto_generated|pll1|clk[0] ; pll_inst|altpll_component|auto_generated|pll1|clk[0] ; 100.000      ; -0.050     ; 20.063     ;
; 79.875 ; sc_cpu:cpu|sc_datapath:datapath|pc_reg[3] ; sc_cpu:cpu|sc_datapath:datapath|sc_regfile:regfile|regs~777  ; pll_inst|altpll_component|auto_generated|pll1|clk[0] ; pll_inst|altpll_component|auto_generated|pll1|clk[0] ; 100.000      ; -0.098     ; 20.014     ;
; 79.878 ; sc_cpu:cpu|sc_datapath:datapath|pc_reg[7] ; sc_cpu:cpu|sc_datapath:datapath|sc_regfile:regfile|regs~1001 ; pll_inst|altpll_component|auto_generated|pll1|clk[0] ; pll_inst|altpll_component|auto_generated|pll1|clk[0] ; 100.000      ; -0.050     ; 20.059     ;
; 79.883 ; sc_cpu:cpu|sc_datapath:datapath|pc_reg[3] ; sc_cpu:cpu|sc_datapath:datapath|sc_regfile:regfile|regs~905  ; pll_inst|altpll_component|auto_generated|pll1|clk[0] ; pll_inst|altpll_component|auto_generated|pll1|clk[0] ; 100.000      ; -0.098     ; 20.006     ;
; 79.890 ; sc_cpu:cpu|sc_datapath:datapath|pc_reg[4] ; sc_cpu:cpu|sc_datapath:datapath|sc_regfile:regfile|regs~649  ; pll_inst|altpll_component|auto_generated|pll1|clk[0] ; pll_inst|altpll_component|auto_generated|pll1|clk[0] ; 100.000      ; -0.096     ; 20.001     ;
; 79.891 ; sc_cpu:cpu|sc_datapath:datapath|pc_reg[7] ; sc_cpu:cpu|sc_datapath:datapath|sc_regfile:regfile|regs~777  ; pll_inst|altpll_component|auto_generated|pll1|clk[0] ; pll_inst|altpll_component|auto_generated|pll1|clk[0] ; 100.000      ; -0.098     ; 19.998     ;
; 79.898 ; sc_cpu:cpu|sc_datapath:datapath|pc_reg[4] ; sc_cpu:cpu|sc_datapath:datapath|sc_regfile:regfile|regs~521  ; pll_inst|altpll_component|auto_generated|pll1|clk[0] ; pll_inst|altpll_component|auto_generated|pll1|clk[0] ; 100.000      ; -0.096     ; 19.993     ;
; 79.899 ; sc_cpu:cpu|sc_datapath:datapath|pc_reg[7] ; sc_cpu:cpu|sc_datapath:datapath|sc_regfile:regfile|regs~905  ; pll_inst|altpll_component|auto_generated|pll1|clk[0] ; pll_inst|altpll_component|auto_generated|pll1|clk[0] ; 100.000      ; -0.098     ; 19.990     ;
; 79.902 ; sc_cpu:cpu|sc_datapath:datapath|pc_reg[3] ; sc_cpu:cpu|sc_datapath:datapath|sc_regfile:regfile|regs~649  ; pll_inst|altpll_component|auto_generated|pll1|clk[0] ; pll_inst|altpll_component|auto_generated|pll1|clk[0] ; 100.000      ; -0.096     ; 19.989     ;
; 79.906 ; sc_cpu:cpu|sc_datapath:datapath|pc_reg[5] ; sc_cpu:cpu|sc_datapath:datapath|sc_regfile:regfile|regs~681  ; pll_inst|altpll_component|auto_generated|pll1|clk[0] ; pll_inst|altpll_component|auto_generated|pll1|clk[0] ; 100.000      ; -0.076     ; 20.005     ;
; 79.908 ; sc_cpu:cpu|sc_datapath:datapath|pc_reg[9] ; sc_cpu:cpu|sc_datapath:datapath|sc_regfile:regfile|regs~937  ; pll_inst|altpll_component|auto_generated|pll1|clk[0] ; pll_inst|altpll_component|auto_generated|pll1|clk[0] ; 100.000      ; -0.074     ; 20.005     ;
; 79.910 ; sc_cpu:cpu|sc_datapath:datapath|pc_reg[3] ; sc_cpu:cpu|sc_datapath:datapath|sc_regfile:regfile|regs~521  ; pll_inst|altpll_component|auto_generated|pll1|clk[0] ; pll_inst|altpll_component|auto_generated|pll1|clk[0] ; 100.000      ; -0.096     ; 19.981     ;
; 79.913 ; sc_cpu:cpu|sc_datapath:datapath|pc_reg[5] ; sc_cpu:cpu|sc_datapath:datapath|sc_regfile:regfile|regs~553  ; pll_inst|altpll_component|auto_generated|pll1|clk[0] ; pll_inst|altpll_component|auto_generated|pll1|clk[0] ; 100.000      ; -0.076     ; 19.998     ;
; 79.918 ; sc_cpu:cpu|sc_datapath:datapath|pc_reg[7] ; sc_cpu:cpu|sc_datapath:datapath|sc_regfile:regfile|regs~649  ; pll_inst|altpll_component|auto_generated|pll1|clk[0] ; pll_inst|altpll_component|auto_generated|pll1|clk[0] ; 100.000      ; -0.096     ; 19.973     ;
; 79.926 ; sc_cpu:cpu|sc_datapath:datapath|pc_reg[7] ; sc_cpu:cpu|sc_datapath:datapath|sc_regfile:regfile|regs~521  ; pll_inst|altpll_component|auto_generated|pll1|clk[0] ; pll_inst|altpll_component|auto_generated|pll1|clk[0] ; 100.000      ; -0.096     ; 19.965     ;
; 79.964 ; sc_cpu:cpu|sc_datapath:datapath|pc_reg[2] ; sc_cpu:cpu|sc_datapath:datapath|sc_regfile:regfile|regs~169  ; pll_inst|altpll_component|auto_generated|pll1|clk[0] ; pll_inst|altpll_component|auto_generated|pll1|clk[0] ; 100.000      ; -0.069     ; 19.954     ;
; 79.971 ; sc_cpu:cpu|sc_datapath:datapath|pc_reg[2] ; sc_cpu:cpu|sc_datapath:datapath|sc_regfile:regfile|regs~233  ; pll_inst|altpll_component|auto_generated|pll1|clk[0] ; pll_inst|altpll_component|auto_generated|pll1|clk[0] ; 100.000      ; -0.069     ; 19.947     ;
; 79.978 ; sc_cpu:cpu|sc_datapath:datapath|pc_reg[2] ; sc_cpu:cpu|sc_datapath:datapath|sc_regfile:regfile|regs~745  ; pll_inst|altpll_component|auto_generated|pll1|clk[0] ; pll_inst|altpll_component|auto_generated|pll1|clk[0] ; 100.000      ; -0.050     ; 19.959     ;
; 79.982 ; sc_cpu:cpu|sc_datapath:datapath|pc_reg[2] ; sc_cpu:cpu|sc_datapath:datapath|sc_regfile:regfile|regs~1001 ; pll_inst|altpll_component|auto_generated|pll1|clk[0] ; pll_inst|altpll_component|auto_generated|pll1|clk[0] ; 100.000      ; -0.050     ; 19.955     ;
; 79.993 ; sc_cpu:cpu|sc_datapath:datapath|pc_reg[5] ; sc_cpu:cpu|sc_datapath:datapath|sc_regfile:regfile|regs~937  ; pll_inst|altpll_component|auto_generated|pll1|clk[0] ; pll_inst|altpll_component|auto_generated|pll1|clk[0] ; 100.000      ; -0.074     ; 19.920     ;
; 79.995 ; sc_cpu:cpu|sc_datapath:datapath|pc_reg[2] ; sc_cpu:cpu|sc_datapath:datapath|sc_regfile:regfile|regs~777  ; pll_inst|altpll_component|auto_generated|pll1|clk[0] ; pll_inst|altpll_component|auto_generated|pll1|clk[0] ; 100.000      ; -0.098     ; 19.894     ;
; 79.996 ; sc_cpu:cpu|sc_datapath:datapath|pc_reg[4] ; sc_cpu:cpu|sc_datapath:datapath|sc_regfile:regfile|regs~9    ; pll_inst|altpll_component|auto_generated|pll1|clk[0] ; pll_inst|altpll_component|auto_generated|pll1|clk[0] ; 100.000      ; -0.083     ; 19.908     ;
; 79.997 ; sc_cpu:cpu|sc_datapath:datapath|pc_reg[4] ; sc_cpu:cpu|sc_datapath:datapath|sc_regfile:regfile|regs~86   ; pll_inst|altpll_component|auto_generated|pll1|clk[0] ; pll_inst|altpll_component|auto_generated|pll1|clk[0] ; 100.000      ; -0.081     ; 19.909     ;
; 79.997 ; sc_cpu:cpu|sc_datapath:datapath|pc_reg[4] ; sc_cpu:cpu|sc_datapath:datapath|sc_regfile:regfile|regs~54   ; pll_inst|altpll_component|auto_generated|pll1|clk[0] ; pll_inst|altpll_component|auto_generated|pll1|clk[0] ; 100.000      ; -0.081     ; 19.909     ;
; 79.998 ; sc_cpu:cpu|sc_datapath:datapath|pc_reg[4] ; sc_cpu:cpu|sc_datapath:datapath|sc_regfile:regfile|regs~265  ; pll_inst|altpll_component|auto_generated|pll1|clk[0] ; pll_inst|altpll_component|auto_generated|pll1|clk[0] ; 100.000      ; -0.083     ; 19.906     ;
; 80.002 ; sc_cpu:cpu|sc_datapath:datapath|pc_reg[8] ; sc_cpu:cpu|sc_datapath:datapath|sc_regfile:regfile|regs~169  ; pll_inst|altpll_component|auto_generated|pll1|clk[0] ; pll_inst|altpll_component|auto_generated|pll1|clk[0] ; 100.000      ; -0.069     ; 19.916     ;
; 80.003 ; sc_cpu:cpu|sc_datapath:datapath|pc_reg[2] ; sc_cpu:cpu|sc_datapath:datapath|sc_regfile:regfile|regs~905  ; pll_inst|altpll_component|auto_generated|pll1|clk[0] ; pll_inst|altpll_component|auto_generated|pll1|clk[0] ; 100.000      ; -0.098     ; 19.886     ;
; 80.008 ; sc_cpu:cpu|sc_datapath:datapath|pc_reg[3] ; sc_cpu:cpu|sc_datapath:datapath|sc_regfile:regfile|regs~9    ; pll_inst|altpll_component|auto_generated|pll1|clk[0] ; pll_inst|altpll_component|auto_generated|pll1|clk[0] ; 100.000      ; -0.083     ; 19.896     ;
; 80.009 ; sc_cpu:cpu|sc_datapath:datapath|pc_reg[8] ; sc_cpu:cpu|sc_datapath:datapath|sc_regfile:regfile|regs~233  ; pll_inst|altpll_component|auto_generated|pll1|clk[0] ; pll_inst|altpll_component|auto_generated|pll1|clk[0] ; 100.000      ; -0.069     ; 19.909     ;
; 80.009 ; sc_cpu:cpu|sc_datapath:datapath|pc_reg[3] ; sc_cpu:cpu|sc_datapath:datapath|sc_regfile:regfile|regs~86   ; pll_inst|altpll_component|auto_generated|pll1|clk[0] ; pll_inst|altpll_component|auto_generated|pll1|clk[0] ; 100.000      ; -0.081     ; 19.897     ;
; 80.009 ; sc_cpu:cpu|sc_datapath:datapath|pc_reg[3] ; sc_cpu:cpu|sc_datapath:datapath|sc_regfile:regfile|regs~54   ; pll_inst|altpll_component|auto_generated|pll1|clk[0] ; pll_inst|altpll_component|auto_generated|pll1|clk[0] ; 100.000      ; -0.081     ; 19.897     ;
; 80.010 ; sc_cpu:cpu|sc_datapath:datapath|pc_reg[3] ; sc_cpu:cpu|sc_datapath:datapath|sc_regfile:regfile|regs~265  ; pll_inst|altpll_component|auto_generated|pll1|clk[0] ; pll_inst|altpll_component|auto_generated|pll1|clk[0] ; 100.000      ; -0.083     ; 19.894     ;
; 80.016 ; sc_cpu:cpu|sc_datapath:datapath|pc_reg[8] ; sc_cpu:cpu|sc_datapath:datapath|sc_regfile:regfile|regs~745  ; pll_inst|altpll_component|auto_generated|pll1|clk[0] ; pll_inst|altpll_component|auto_generated|pll1|clk[0] ; 100.000      ; -0.050     ; 19.921     ;
; 80.020 ; sc_cpu:cpu|sc_datapath:datapath|pc_reg[8] ; sc_cpu:cpu|sc_datapath:datapath|sc_regfile:regfile|regs~1001 ; pll_inst|altpll_component|auto_generated|pll1|clk[0] ; pll_inst|altpll_component|auto_generated|pll1|clk[0] ; 100.000      ; -0.050     ; 19.917     ;
; 80.022 ; sc_cpu:cpu|sc_datapath:datapath|pc_reg[2] ; sc_cpu:cpu|sc_datapath:datapath|sc_regfile:regfile|regs~649  ; pll_inst|altpll_component|auto_generated|pll1|clk[0] ; pll_inst|altpll_component|auto_generated|pll1|clk[0] ; 100.000      ; -0.096     ; 19.869     ;
; 80.024 ; sc_cpu:cpu|sc_datapath:datapath|pc_reg[7] ; sc_cpu:cpu|sc_datapath:datapath|sc_regfile:regfile|regs~9    ; pll_inst|altpll_component|auto_generated|pll1|clk[0] ; pll_inst|altpll_component|auto_generated|pll1|clk[0] ; 100.000      ; -0.083     ; 19.880     ;
; 80.026 ; sc_cpu:cpu|sc_datapath:datapath|pc_reg[7] ; sc_cpu:cpu|sc_datapath:datapath|sc_regfile:regfile|regs~265  ; pll_inst|altpll_component|auto_generated|pll1|clk[0] ; pll_inst|altpll_component|auto_generated|pll1|clk[0] ; 100.000      ; -0.083     ; 19.878     ;
; 80.030 ; sc_cpu:cpu|sc_datapath:datapath|pc_reg[2] ; sc_cpu:cpu|sc_datapath:datapath|sc_regfile:regfile|regs~521  ; pll_inst|altpll_component|auto_generated|pll1|clk[0] ; pll_inst|altpll_component|auto_generated|pll1|clk[0] ; 100.000      ; -0.096     ; 19.861     ;
; 80.033 ; sc_cpu:cpu|sc_datapath:datapath|pc_reg[8] ; sc_cpu:cpu|sc_datapath:datapath|sc_regfile:regfile|regs~777  ; pll_inst|altpll_component|auto_generated|pll1|clk[0] ; pll_inst|altpll_component|auto_generated|pll1|clk[0] ; 100.000      ; -0.098     ; 19.856     ;
; 80.034 ; sc_cpu:cpu|sc_datapath:datapath|pc_reg[4] ; sc_cpu:cpu|sc_datapath:datapath|sc_regfile:regfile|regs~873  ; pll_inst|altpll_component|auto_generated|pll1|clk[0] ; pll_inst|altpll_component|auto_generated|pll1|clk[0] ; 100.000      ; -0.047     ; 19.906     ;
; 80.040 ; sc_cpu:cpu|sc_datapath:datapath|pc_reg[9] ; sc_cpu:cpu|sc_datapath:datapath|sc_regfile:regfile|regs~169  ; pll_inst|altpll_component|auto_generated|pll1|clk[0] ; pll_inst|altpll_component|auto_generated|pll1|clk[0] ; 100.000      ; -0.069     ; 19.878     ;
; 80.041 ; sc_cpu:cpu|sc_datapath:datapath|pc_reg[8] ; sc_cpu:cpu|sc_datapath:datapath|sc_regfile:regfile|regs~905  ; pll_inst|altpll_component|auto_generated|pll1|clk[0] ; pll_inst|altpll_component|auto_generated|pll1|clk[0] ; 100.000      ; -0.098     ; 19.848     ;
; 80.042 ; sc_cpu:cpu|sc_datapath:datapath|pc_reg[4] ; sc_cpu:cpu|sc_datapath:datapath|sc_regfile:regfile|regs~617  ; pll_inst|altpll_component|auto_generated|pll1|clk[0] ; pll_inst|altpll_component|auto_generated|pll1|clk[0] ; 100.000      ; -0.047     ; 19.898     ;
; 80.042 ; sc_cpu:cpu|sc_datapath:datapath|pc_reg[4] ; sc_cpu:cpu|sc_datapath:datapath|sc_regfile:regfile|regs~137  ; pll_inst|altpll_component|auto_generated|pll1|clk[0] ; pll_inst|altpll_component|auto_generated|pll1|clk[0] ; 100.000      ; -0.065     ; 19.880     ;
; 80.042 ; sc_cpu:cpu|sc_datapath:datapath|pc_reg[4] ; sc_cpu:cpu|sc_datapath:datapath|sc_regfile:regfile|regs~105  ; pll_inst|altpll_component|auto_generated|pll1|clk[0] ; pll_inst|altpll_component|auto_generated|pll1|clk[0] ; 100.000      ; -0.065     ; 19.880     ;
; 80.046 ; sc_cpu:cpu|sc_datapath:datapath|pc_reg[3] ; sc_cpu:cpu|sc_datapath:datapath|sc_regfile:regfile|regs~873  ; pll_inst|altpll_component|auto_generated|pll1|clk[0] ; pll_inst|altpll_component|auto_generated|pll1|clk[0] ; 100.000      ; -0.047     ; 19.894     ;
; 80.047 ; sc_cpu:cpu|sc_datapath:datapath|pc_reg[9] ; sc_cpu:cpu|sc_datapath:datapath|sc_regfile:regfile|regs~233  ; pll_inst|altpll_component|auto_generated|pll1|clk[0] ; pll_inst|altpll_component|auto_generated|pll1|clk[0] ; 100.000      ; -0.069     ; 19.871     ;
; 80.054 ; sc_cpu:cpu|sc_datapath:datapath|pc_reg[9] ; sc_cpu:cpu|sc_datapath:datapath|sc_regfile:regfile|regs~745  ; pll_inst|altpll_component|auto_generated|pll1|clk[0] ; pll_inst|altpll_component|auto_generated|pll1|clk[0] ; 100.000      ; -0.050     ; 19.883     ;
; 80.054 ; sc_cpu:cpu|sc_datapath:datapath|pc_reg[3] ; sc_cpu:cpu|sc_datapath:datapath|sc_regfile:regfile|regs~617  ; pll_inst|altpll_component|auto_generated|pll1|clk[0] ; pll_inst|altpll_component|auto_generated|pll1|clk[0] ; 100.000      ; -0.047     ; 19.886     ;
; 80.054 ; sc_cpu:cpu|sc_datapath:datapath|pc_reg[3] ; sc_cpu:cpu|sc_datapath:datapath|sc_regfile:regfile|regs~137  ; pll_inst|altpll_component|auto_generated|pll1|clk[0] ; pll_inst|altpll_component|auto_generated|pll1|clk[0] ; 100.000      ; -0.065     ; 19.868     ;
; 80.054 ; sc_cpu:cpu|sc_datapath:datapath|pc_reg[3] ; sc_cpu:cpu|sc_datapath:datapath|sc_regfile:regfile|regs~105  ; pll_inst|altpll_component|auto_generated|pll1|clk[0] ; pll_inst|altpll_component|auto_generated|pll1|clk[0] ; 100.000      ; -0.065     ; 19.868     ;
; 80.058 ; sc_cpu:cpu|sc_datapath:datapath|pc_reg[9] ; sc_cpu:cpu|sc_datapath:datapath|sc_regfile:regfile|regs~1001 ; pll_inst|altpll_component|auto_generated|pll1|clk[0] ; pll_inst|altpll_component|auto_generated|pll1|clk[0] ; 100.000      ; -0.050     ; 19.879     ;
; 80.060 ; sc_cpu:cpu|sc_datapath:datapath|pc_reg[8] ; sc_cpu:cpu|sc_datapath:datapath|sc_regfile:regfile|regs~649  ; pll_inst|altpll_component|auto_generated|pll1|clk[0] ; pll_inst|altpll_component|auto_generated|pll1|clk[0] ; 100.000      ; -0.096     ; 19.831     ;
; 80.062 ; sc_cpu:cpu|sc_datapath:datapath|pc_reg[7] ; sc_cpu:cpu|sc_datapath:datapath|sc_regfile:regfile|regs~873  ; pll_inst|altpll_component|auto_generated|pll1|clk[0] ; pll_inst|altpll_component|auto_generated|pll1|clk[0] ; 100.000      ; -0.047     ; 19.878     ;
; 80.068 ; sc_cpu:cpu|sc_datapath:datapath|pc_reg[8] ; sc_cpu:cpu|sc_datapath:datapath|sc_regfile:regfile|regs~521  ; pll_inst|altpll_component|auto_generated|pll1|clk[0] ; pll_inst|altpll_component|auto_generated|pll1|clk[0] ; 100.000      ; -0.096     ; 19.823     ;
; 80.070 ; sc_cpu:cpu|sc_datapath:datapath|pc_reg[7] ; sc_cpu:cpu|sc_datapath:datapath|sc_regfile:regfile|regs~617  ; pll_inst|altpll_component|auto_generated|pll1|clk[0] ; pll_inst|altpll_component|auto_generated|pll1|clk[0] ; 100.000      ; -0.047     ; 19.870     ;
; 80.070 ; sc_cpu:cpu|sc_datapath:datapath|pc_reg[7] ; sc_cpu:cpu|sc_datapath:datapath|sc_regfile:regfile|regs~137  ; pll_inst|altpll_component|auto_generated|pll1|clk[0] ; pll_inst|altpll_component|auto_generated|pll1|clk[0] ; 100.000      ; -0.065     ; 19.852     ;
+--------+-------------------------------------------+--------------------------------------------------------------+------------------------------------------------------+------------------------------------------------------+--------------+------------+------------+


+--------------------------------------------------------------------------------------------------------------------------------------------------------------------------------------------------------------------------------------------------------+
; Fast 1200mV 0C Model Hold: 'pll_inst|altpll_component|auto_generated|pll1|clk[0]'                                                                                                                                                                      ;
+-------+--------------------------------------------+--------------------------------------------+------------------------------------------------------+------------------------------------------------------+--------------+------------+------------+
; Slack ; From Node                                  ; To Node                                    ; Launch Clock                                         ; Latch Clock                                          ; Relationship ; Clock Skew ; Data Delay ;
+-------+--------------------------------------------+--------------------------------------------+------------------------------------------------------+------------------------------------------------------+--------------+------------+------------+
; 0.199 ; sc_cpu:cpu|sc_datapath:datapath|pc_reg[31] ; sc_cpu:cpu|sc_datapath:datapath|pc_reg[31] ; pll_inst|altpll_component|auto_generated|pll1|clk[0] ; pll_inst|altpll_component|auto_generated|pll1|clk[0] ; 0.000        ; 0.041      ; 0.324      ;
; 0.299 ; sc_cpu:cpu|sc_datapath:datapath|pc_reg[16] ; sc_cpu:cpu|sc_datapath:datapath|pc_reg[16] ; pll_inst|altpll_component|auto_generated|pll1|clk[0] ; pll_inst|altpll_component|auto_generated|pll1|clk[0] ; 0.000        ; 0.041      ; 0.424      ;
; 0.299 ; sc_cpu:cpu|sc_datapath:datapath|pc_reg[7]  ; sc_cpu:cpu|sc_datapath:datapath|pc_reg[7]  ; pll_inst|altpll_component|auto_generated|pll1|clk[0] ; pll_inst|altpll_component|auto_generated|pll1|clk[0] ; 0.000        ; 0.041      ; 0.424      ;
; 0.300 ; sc_cpu:cpu|sc_datapath:datapath|pc_reg[23] ; sc_cpu:cpu|sc_datapath:datapath|pc_reg[23] ; pll_inst|altpll_component|auto_generated|pll1|clk[0] ; pll_inst|altpll_component|auto_generated|pll1|clk[0] ; 0.000        ; 0.041      ; 0.425      ;
; 0.300 ; sc_cpu:cpu|sc_datapath:datapath|pc_reg[17] ; sc_cpu:cpu|sc_datapath:datapath|pc_reg[17] ; pll_inst|altpll_component|auto_generated|pll1|clk[0] ; pll_inst|altpll_component|auto_generated|pll1|clk[0] ; 0.000        ; 0.041      ; 0.425      ;
; 0.300 ; sc_cpu:cpu|sc_datapath:datapath|pc_reg[15] ; sc_cpu:cpu|sc_datapath:datapath|pc_reg[15] ; pll_inst|altpll_component|auto_generated|pll1|clk[0] ; pll_inst|altpll_component|auto_generated|pll1|clk[0] ; 0.000        ; 0.041      ; 0.425      ;
; 0.300 ; sc_cpu:cpu|sc_datapath:datapath|pc_reg[14] ; sc_cpu:cpu|sc_datapath:datapath|pc_reg[14] ; pll_inst|altpll_component|auto_generated|pll1|clk[0] ; pll_inst|altpll_component|auto_generated|pll1|clk[0] ; 0.000        ; 0.041      ; 0.425      ;
; 0.300 ; sc_cpu:cpu|sc_datapath:datapath|pc_reg[9]  ; sc_cpu:cpu|sc_datapath:datapath|pc_reg[9]  ; pll_inst|altpll_component|auto_generated|pll1|clk[0] ; pll_inst|altpll_component|auto_generated|pll1|clk[0] ; 0.000        ; 0.041      ; 0.425      ;
; 0.301 ; sc_cpu:cpu|sc_datapath:datapath|pc_reg[28] ; sc_cpu:cpu|sc_datapath:datapath|pc_reg[28] ; pll_inst|altpll_component|auto_generated|pll1|clk[0] ; pll_inst|altpll_component|auto_generated|pll1|clk[0] ; 0.000        ; 0.041      ; 0.426      ;
; 0.301 ; sc_cpu:cpu|sc_datapath:datapath|pc_reg[25] ; sc_cpu:cpu|sc_datapath:datapath|pc_reg[25] ; pll_inst|altpll_component|auto_generated|pll1|clk[0] ; pll_inst|altpll_component|auto_generated|pll1|clk[0] ; 0.000        ; 0.041      ; 0.426      ;
; 0.301 ; sc_cpu:cpu|sc_datapath:datapath|pc_reg[22] ; sc_cpu:cpu|sc_datapath:datapath|pc_reg[22] ; pll_inst|altpll_component|auto_generated|pll1|clk[0] ; pll_inst|altpll_component|auto_generated|pll1|clk[0] ; 0.000        ; 0.041      ; 0.426      ;
; 0.301 ; sc_cpu:cpu|sc_datapath:datapath|pc_reg[21] ; sc_cpu:cpu|sc_datapath:datapath|pc_reg[21] ; pll_inst|altpll_component|auto_generated|pll1|clk[0] ; pll_inst|altpll_component|auto_generated|pll1|clk[0] ; 0.000        ; 0.041      ; 0.426      ;
; 0.301 ; sc_cpu:cpu|sc_datapath:datapath|pc_reg[20] ; sc_cpu:cpu|sc_datapath:datapath|pc_reg[20] ; pll_inst|altpll_component|auto_generated|pll1|clk[0] ; pll_inst|altpll_component|auto_generated|pll1|clk[0] ; 0.000        ; 0.041      ; 0.426      ;
; 0.301 ; sc_cpu:cpu|sc_datapath:datapath|pc_reg[19] ; sc_cpu:cpu|sc_datapath:datapath|pc_reg[19] ; pll_inst|altpll_component|auto_generated|pll1|clk[0] ; pll_inst|altpll_component|auto_generated|pll1|clk[0] ; 0.000        ; 0.041      ; 0.426      ;
; 0.301 ; sc_cpu:cpu|sc_datapath:datapath|pc_reg[18] ; sc_cpu:cpu|sc_datapath:datapath|pc_reg[18] ; pll_inst|altpll_component|auto_generated|pll1|clk[0] ; pll_inst|altpll_component|auto_generated|pll1|clk[0] ; 0.000        ; 0.041      ; 0.426      ;
; 0.301 ; sc_cpu:cpu|sc_datapath:datapath|pc_reg[12] ; sc_cpu:cpu|sc_datapath:datapath|pc_reg[12] ; pll_inst|altpll_component|auto_generated|pll1|clk[0] ; pll_inst|altpll_component|auto_generated|pll1|clk[0] ; 0.000        ; 0.041      ; 0.426      ;
; 0.301 ; sc_cpu:cpu|sc_datapath:datapath|pc_reg[11] ; sc_cpu:cpu|sc_datapath:datapath|pc_reg[11] ; pll_inst|altpll_component|auto_generated|pll1|clk[0] ; pll_inst|altpll_component|auto_generated|pll1|clk[0] ; 0.000        ; 0.041      ; 0.426      ;
; 0.301 ; sc_cpu:cpu|sc_datapath:datapath|pc_reg[8]  ; sc_cpu:cpu|sc_datapath:datapath|pc_reg[8]  ; pll_inst|altpll_component|auto_generated|pll1|clk[0] ; pll_inst|altpll_component|auto_generated|pll1|clk[0] ; 0.000        ; 0.041      ; 0.426      ;
; 0.301 ; sc_cpu:cpu|sc_datapath:datapath|pc_reg[1]  ; sc_cpu:cpu|sc_datapath:datapath|pc_reg[1]  ; pll_inst|altpll_component|auto_generated|pll1|clk[0] ; pll_inst|altpll_component|auto_generated|pll1|clk[0] ; 0.000        ; 0.040      ; 0.425      ;
; 0.302 ; sc_cpu:cpu|sc_datapath:datapath|pc_reg[29] ; sc_cpu:cpu|sc_datapath:datapath|pc_reg[29] ; pll_inst|altpll_component|auto_generated|pll1|clk[0] ; pll_inst|altpll_component|auto_generated|pll1|clk[0] ; 0.000        ; 0.041      ; 0.427      ;
; 0.302 ; sc_cpu:cpu|sc_datapath:datapath|pc_reg[27] ; sc_cpu:cpu|sc_datapath:datapath|pc_reg[27] ; pll_inst|altpll_component|auto_generated|pll1|clk[0] ; pll_inst|altpll_component|auto_generated|pll1|clk[0] ; 0.000        ; 0.041      ; 0.427      ;
; 0.302 ; sc_cpu:cpu|sc_datapath:datapath|pc_reg[26] ; sc_cpu:cpu|sc_datapath:datapath|pc_reg[26] ; pll_inst|altpll_component|auto_generated|pll1|clk[0] ; pll_inst|altpll_component|auto_generated|pll1|clk[0] ; 0.000        ; 0.041      ; 0.427      ;
; 0.302 ; sc_cpu:cpu|sc_datapath:datapath|pc_reg[10] ; sc_cpu:cpu|sc_datapath:datapath|pc_reg[10] ; pll_inst|altpll_component|auto_generated|pll1|clk[0] ; pll_inst|altpll_component|auto_generated|pll1|clk[0] ; 0.000        ; 0.041      ; 0.427      ;
; 0.305 ; sc_cpu:cpu|sc_datapath:datapath|pc_reg[3]  ; sc_cpu:cpu|sc_datapath:datapath|pc_reg[3]  ; pll_inst|altpll_component|auto_generated|pll1|clk[0] ; pll_inst|altpll_component|auto_generated|pll1|clk[0] ; 0.000        ; 0.041      ; 0.430      ;
; 0.305 ; sc_cpu:cpu|sc_datapath:datapath|pc_reg[5]  ; sc_cpu:cpu|sc_datapath:datapath|pc_reg[5]  ; pll_inst|altpll_component|auto_generated|pll1|clk[0] ; pll_inst|altpll_component|auto_generated|pll1|clk[0] ; 0.000        ; 0.041      ; 0.430      ;
; 0.306 ; sc_cpu:cpu|sc_datapath:datapath|pc_reg[4]  ; sc_cpu:cpu|sc_datapath:datapath|pc_reg[4]  ; pll_inst|altpll_component|auto_generated|pll1|clk[0] ; pll_inst|altpll_component|auto_generated|pll1|clk[0] ; 0.000        ; 0.041      ; 0.431      ;
; 0.312 ; sc_cpu:cpu|sc_datapath:datapath|pc_reg[13] ; sc_cpu:cpu|sc_datapath:datapath|pc_reg[13] ; pll_inst|altpll_component|auto_generated|pll1|clk[0] ; pll_inst|altpll_component|auto_generated|pll1|clk[0] ; 0.000        ; 0.041      ; 0.437      ;
; 0.312 ; sc_cpu:cpu|sc_datapath:datapath|pc_reg[6]  ; sc_cpu:cpu|sc_datapath:datapath|pc_reg[6]  ; pll_inst|altpll_component|auto_generated|pll1|clk[0] ; pll_inst|altpll_component|auto_generated|pll1|clk[0] ; 0.000        ; 0.041      ; 0.437      ;
; 0.313 ; sc_cpu:cpu|sc_datapath:datapath|pc_reg[30] ; sc_cpu:cpu|sc_datapath:datapath|pc_reg[30] ; pll_inst|altpll_component|auto_generated|pll1|clk[0] ; pll_inst|altpll_component|auto_generated|pll1|clk[0] ; 0.000        ; 0.041      ; 0.438      ;
; 0.314 ; sc_cpu:cpu|sc_datapath:datapath|pc_reg[24] ; sc_cpu:cpu|sc_datapath:datapath|pc_reg[24] ; pll_inst|altpll_component|auto_generated|pll1|clk[0] ; pll_inst|altpll_component|auto_generated|pll1|clk[0] ; 0.000        ; 0.041      ; 0.439      ;
; 0.316 ; sc_cpu:cpu|sc_datapath:datapath|pc_reg[2]  ; sc_cpu:cpu|sc_datapath:datapath|pc_reg[2]  ; pll_inst|altpll_component|auto_generated|pll1|clk[0] ; pll_inst|altpll_component|auto_generated|pll1|clk[0] ; 0.000        ; 0.041      ; 0.441      ;
; 0.385 ; sc_cpu:cpu|sc_datapath:datapath|pc_reg[0]  ; sc_cpu:cpu|sc_datapath:datapath|pc_reg[0]  ; pll_inst|altpll_component|auto_generated|pll1|clk[0] ; pll_inst|altpll_component|auto_generated|pll1|clk[0] ; 0.000        ; 0.040      ; 0.509      ;
; 0.448 ; sc_cpu:cpu|sc_datapath:datapath|pc_reg[7]  ; sc_cpu:cpu|sc_datapath:datapath|pc_reg[8]  ; pll_inst|altpll_component|auto_generated|pll1|clk[0] ; pll_inst|altpll_component|auto_generated|pll1|clk[0] ; 0.000        ; 0.041      ; 0.573      ;
; 0.449 ; sc_cpu:cpu|sc_datapath:datapath|pc_reg[15] ; sc_cpu:cpu|sc_datapath:datapath|pc_reg[16] ; pll_inst|altpll_component|auto_generated|pll1|clk[0] ; pll_inst|altpll_component|auto_generated|pll1|clk[0] ; 0.000        ; 0.041      ; 0.574      ;
; 0.449 ; sc_cpu:cpu|sc_datapath:datapath|pc_reg[17] ; sc_cpu:cpu|sc_datapath:datapath|pc_reg[18] ; pll_inst|altpll_component|auto_generated|pll1|clk[0] ; pll_inst|altpll_component|auto_generated|pll1|clk[0] ; 0.000        ; 0.041      ; 0.574      ;
; 0.449 ; sc_cpu:cpu|sc_datapath:datapath|pc_reg[9]  ; sc_cpu:cpu|sc_datapath:datapath|pc_reg[10] ; pll_inst|altpll_component|auto_generated|pll1|clk[0] ; pll_inst|altpll_component|auto_generated|pll1|clk[0] ; 0.000        ; 0.041      ; 0.574      ;
; 0.449 ; sc_cpu:cpu|sc_datapath:datapath|pc_reg[23] ; sc_cpu:cpu|sc_datapath:datapath|pc_reg[24] ; pll_inst|altpll_component|auto_generated|pll1|clk[0] ; pll_inst|altpll_component|auto_generated|pll1|clk[0] ; 0.000        ; 0.041      ; 0.574      ;
; 0.450 ; sc_cpu:cpu|sc_datapath:datapath|pc_reg[21] ; sc_cpu:cpu|sc_datapath:datapath|pc_reg[22] ; pll_inst|altpll_component|auto_generated|pll1|clk[0] ; pll_inst|altpll_component|auto_generated|pll1|clk[0] ; 0.000        ; 0.041      ; 0.575      ;
; 0.450 ; sc_cpu:cpu|sc_datapath:datapath|pc_reg[19] ; sc_cpu:cpu|sc_datapath:datapath|pc_reg[20] ; pll_inst|altpll_component|auto_generated|pll1|clk[0] ; pll_inst|altpll_component|auto_generated|pll1|clk[0] ; 0.000        ; 0.041      ; 0.575      ;
; 0.450 ; sc_cpu:cpu|sc_datapath:datapath|pc_reg[11] ; sc_cpu:cpu|sc_datapath:datapath|pc_reg[12] ; pll_inst|altpll_component|auto_generated|pll1|clk[0] ; pll_inst|altpll_component|auto_generated|pll1|clk[0] ; 0.000        ; 0.041      ; 0.575      ;
; 0.450 ; sc_cpu:cpu|sc_datapath:datapath|pc_reg[25] ; sc_cpu:cpu|sc_datapath:datapath|pc_reg[26] ; pll_inst|altpll_component|auto_generated|pll1|clk[0] ; pll_inst|altpll_component|auto_generated|pll1|clk[0] ; 0.000        ; 0.041      ; 0.575      ;
; 0.451 ; sc_cpu:cpu|sc_datapath:datapath|pc_reg[27] ; sc_cpu:cpu|sc_datapath:datapath|pc_reg[28] ; pll_inst|altpll_component|auto_generated|pll1|clk[0] ; pll_inst|altpll_component|auto_generated|pll1|clk[0] ; 0.000        ; 0.041      ; 0.576      ;
; 0.451 ; sc_cpu:cpu|sc_datapath:datapath|pc_reg[29] ; sc_cpu:cpu|sc_datapath:datapath|pc_reg[30] ; pll_inst|altpll_component|auto_generated|pll1|clk[0] ; pll_inst|altpll_component|auto_generated|pll1|clk[0] ; 0.000        ; 0.041      ; 0.576      ;
; 0.453 ; sc_cpu:cpu|sc_datapath:datapath|pc_reg[16] ; sc_cpu:cpu|sc_datapath:datapath|pc_reg[17] ; pll_inst|altpll_component|auto_generated|pll1|clk[0] ; pll_inst|altpll_component|auto_generated|pll1|clk[0] ; 0.000        ; 0.045      ; 0.582      ;
; 0.454 ; sc_cpu:cpu|sc_datapath:datapath|pc_reg[3]  ; sc_cpu:cpu|sc_datapath:datapath|pc_reg[4]  ; pll_inst|altpll_component|auto_generated|pll1|clk[0] ; pll_inst|altpll_component|auto_generated|pll1|clk[0] ; 0.000        ; 0.041      ; 0.579      ;
; 0.454 ; sc_cpu:cpu|sc_datapath:datapath|pc_reg[5]  ; sc_cpu:cpu|sc_datapath:datapath|pc_reg[6]  ; pll_inst|altpll_component|auto_generated|pll1|clk[0] ; pll_inst|altpll_component|auto_generated|pll1|clk[0] ; 0.000        ; 0.041      ; 0.579      ;
; 0.456 ; sc_cpu:cpu|sc_datapath:datapath|pc_reg[16] ; sc_cpu:cpu|sc_datapath:datapath|pc_reg[18] ; pll_inst|altpll_component|auto_generated|pll1|clk[0] ; pll_inst|altpll_component|auto_generated|pll1|clk[0] ; 0.000        ; 0.045      ; 0.585      ;
; 0.458 ; sc_cpu:cpu|sc_datapath:datapath|pc_reg[14] ; sc_cpu:cpu|sc_datapath:datapath|pc_reg[15] ; pll_inst|altpll_component|auto_generated|pll1|clk[0] ; pll_inst|altpll_component|auto_generated|pll1|clk[0] ; 0.000        ; 0.041      ; 0.583      ;
; 0.459 ; sc_cpu:cpu|sc_datapath:datapath|pc_reg[22] ; sc_cpu:cpu|sc_datapath:datapath|pc_reg[23] ; pll_inst|altpll_component|auto_generated|pll1|clk[0] ; pll_inst|altpll_component|auto_generated|pll1|clk[0] ; 0.000        ; 0.041      ; 0.584      ;
; 0.459 ; sc_cpu:cpu|sc_datapath:datapath|pc_reg[8]  ; sc_cpu:cpu|sc_datapath:datapath|pc_reg[9]  ; pll_inst|altpll_component|auto_generated|pll1|clk[0] ; pll_inst|altpll_component|auto_generated|pll1|clk[0] ; 0.000        ; 0.041      ; 0.584      ;
; 0.459 ; sc_cpu:cpu|sc_datapath:datapath|pc_reg[20] ; sc_cpu:cpu|sc_datapath:datapath|pc_reg[21] ; pll_inst|altpll_component|auto_generated|pll1|clk[0] ; pll_inst|altpll_component|auto_generated|pll1|clk[0] ; 0.000        ; 0.041      ; 0.584      ;
; 0.459 ; sc_cpu:cpu|sc_datapath:datapath|pc_reg[18] ; sc_cpu:cpu|sc_datapath:datapath|pc_reg[19] ; pll_inst|altpll_component|auto_generated|pll1|clk[0] ; pll_inst|altpll_component|auto_generated|pll1|clk[0] ; 0.000        ; 0.041      ; 0.584      ;
; 0.459 ; sc_cpu:cpu|sc_datapath:datapath|pc_reg[28] ; sc_cpu:cpu|sc_datapath:datapath|pc_reg[29] ; pll_inst|altpll_component|auto_generated|pll1|clk[0] ; pll_inst|altpll_component|auto_generated|pll1|clk[0] ; 0.000        ; 0.041      ; 0.584      ;
; 0.459 ; sc_cpu:cpu|sc_datapath:datapath|pc_reg[12] ; sc_cpu:cpu|sc_datapath:datapath|pc_reg[13] ; pll_inst|altpll_component|auto_generated|pll1|clk[0] ; pll_inst|altpll_component|auto_generated|pll1|clk[0] ; 0.000        ; 0.041      ; 0.584      ;
; 0.460 ; sc_cpu:cpu|sc_datapath:datapath|pc_reg[10] ; sc_cpu:cpu|sc_datapath:datapath|pc_reg[11] ; pll_inst|altpll_component|auto_generated|pll1|clk[0] ; pll_inst|altpll_component|auto_generated|pll1|clk[0] ; 0.000        ; 0.041      ; 0.585      ;
; 0.460 ; sc_cpu:cpu|sc_datapath:datapath|pc_reg[26] ; sc_cpu:cpu|sc_datapath:datapath|pc_reg[27] ; pll_inst|altpll_component|auto_generated|pll1|clk[0] ; pll_inst|altpll_component|auto_generated|pll1|clk[0] ; 0.000        ; 0.041      ; 0.585      ;
; 0.461 ; sc_cpu:cpu|sc_datapath:datapath|pc_reg[13] ; sc_cpu:cpu|sc_datapath:datapath|pc_reg[14] ; pll_inst|altpll_component|auto_generated|pll1|clk[0] ; pll_inst|altpll_component|auto_generated|pll1|clk[0] ; 0.000        ; 0.041      ; 0.586      ;
; 0.461 ; sc_cpu:cpu|sc_datapath:datapath|pc_reg[14] ; sc_cpu:cpu|sc_datapath:datapath|pc_reg[16] ; pll_inst|altpll_component|auto_generated|pll1|clk[0] ; pll_inst|altpll_component|auto_generated|pll1|clk[0] ; 0.000        ; 0.041      ; 0.586      ;
; 0.462 ; sc_cpu:cpu|sc_datapath:datapath|pc_reg[8]  ; sc_cpu:cpu|sc_datapath:datapath|pc_reg[10] ; pll_inst|altpll_component|auto_generated|pll1|clk[0] ; pll_inst|altpll_component|auto_generated|pll1|clk[0] ; 0.000        ; 0.041      ; 0.587      ;
; 0.462 ; sc_cpu:cpu|sc_datapath:datapath|pc_reg[22] ; sc_cpu:cpu|sc_datapath:datapath|pc_reg[24] ; pll_inst|altpll_component|auto_generated|pll1|clk[0] ; pll_inst|altpll_component|auto_generated|pll1|clk[0] ; 0.000        ; 0.041      ; 0.587      ;
; 0.462 ; sc_cpu:cpu|sc_datapath:datapath|pc_reg[20] ; sc_cpu:cpu|sc_datapath:datapath|pc_reg[22] ; pll_inst|altpll_component|auto_generated|pll1|clk[0] ; pll_inst|altpll_component|auto_generated|pll1|clk[0] ; 0.000        ; 0.041      ; 0.587      ;
; 0.462 ; sc_cpu:cpu|sc_datapath:datapath|pc_reg[18] ; sc_cpu:cpu|sc_datapath:datapath|pc_reg[20] ; pll_inst|altpll_component|auto_generated|pll1|clk[0] ; pll_inst|altpll_component|auto_generated|pll1|clk[0] ; 0.000        ; 0.041      ; 0.587      ;
; 0.462 ; sc_cpu:cpu|sc_datapath:datapath|pc_reg[28] ; sc_cpu:cpu|sc_datapath:datapath|pc_reg[30] ; pll_inst|altpll_component|auto_generated|pll1|clk[0] ; pll_inst|altpll_component|auto_generated|pll1|clk[0] ; 0.000        ; 0.041      ; 0.587      ;
; 0.462 ; sc_cpu:cpu|sc_datapath:datapath|pc_reg[12] ; sc_cpu:cpu|sc_datapath:datapath|pc_reg[14] ; pll_inst|altpll_component|auto_generated|pll1|clk[0] ; pll_inst|altpll_component|auto_generated|pll1|clk[0] ; 0.000        ; 0.041      ; 0.587      ;
; 0.463 ; sc_cpu:cpu|sc_datapath:datapath|pc_reg[2]  ; sc_cpu:cpu|sc_datapath:datapath|pc_reg[3]  ; pll_inst|altpll_component|auto_generated|pll1|clk[0] ; pll_inst|altpll_component|auto_generated|pll1|clk[0] ; 0.000        ; 0.041      ; 0.588      ;
; 0.463 ; sc_cpu:cpu|sc_datapath:datapath|pc_reg[10] ; sc_cpu:cpu|sc_datapath:datapath|pc_reg[12] ; pll_inst|altpll_component|auto_generated|pll1|clk[0] ; pll_inst|altpll_component|auto_generated|pll1|clk[0] ; 0.000        ; 0.041      ; 0.588      ;
; 0.463 ; sc_cpu:cpu|sc_datapath:datapath|pc_reg[26] ; sc_cpu:cpu|sc_datapath:datapath|pc_reg[28] ; pll_inst|altpll_component|auto_generated|pll1|clk[0] ; pll_inst|altpll_component|auto_generated|pll1|clk[0] ; 0.000        ; 0.041      ; 0.588      ;
; 0.464 ; sc_cpu:cpu|sc_datapath:datapath|pc_reg[4]  ; sc_cpu:cpu|sc_datapath:datapath|pc_reg[5]  ; pll_inst|altpll_component|auto_generated|pll1|clk[0] ; pll_inst|altpll_component|auto_generated|pll1|clk[0] ; 0.000        ; 0.041      ; 0.589      ;
; 0.466 ; sc_cpu:cpu|sc_datapath:datapath|pc_reg[2]  ; sc_cpu:cpu|sc_datapath:datapath|pc_reg[4]  ; pll_inst|altpll_component|auto_generated|pll1|clk[0] ; pll_inst|altpll_component|auto_generated|pll1|clk[0] ; 0.000        ; 0.041      ; 0.591      ;
; 0.467 ; sc_cpu:cpu|sc_datapath:datapath|pc_reg[4]  ; sc_cpu:cpu|sc_datapath:datapath|pc_reg[6]  ; pll_inst|altpll_component|auto_generated|pll1|clk[0] ; pll_inst|altpll_component|auto_generated|pll1|clk[0] ; 0.000        ; 0.041      ; 0.592      ;
; 0.470 ; sc_cpu:cpu|sc_datapath:datapath|pc_reg[6]  ; sc_cpu:cpu|sc_datapath:datapath|pc_reg[7]  ; pll_inst|altpll_component|auto_generated|pll1|clk[0] ; pll_inst|altpll_component|auto_generated|pll1|clk[0] ; 0.000        ; 0.041      ; 0.595      ;
; 0.471 ; sc_cpu:cpu|sc_datapath:datapath|pc_reg[30] ; sc_cpu:cpu|sc_datapath:datapath|pc_reg[31] ; pll_inst|altpll_component|auto_generated|pll1|clk[0] ; pll_inst|altpll_component|auto_generated|pll1|clk[0] ; 0.000        ; 0.041      ; 0.596      ;
; 0.472 ; sc_cpu:cpu|sc_datapath:datapath|pc_reg[24] ; sc_cpu:cpu|sc_datapath:datapath|pc_reg[25] ; pll_inst|altpll_component|auto_generated|pll1|clk[0] ; pll_inst|altpll_component|auto_generated|pll1|clk[0] ; 0.000        ; 0.041      ; 0.597      ;
; 0.473 ; sc_cpu:cpu|sc_datapath:datapath|pc_reg[6]  ; sc_cpu:cpu|sc_datapath:datapath|pc_reg[8]  ; pll_inst|altpll_component|auto_generated|pll1|clk[0] ; pll_inst|altpll_component|auto_generated|pll1|clk[0] ; 0.000        ; 0.041      ; 0.598      ;
; 0.475 ; sc_cpu:cpu|sc_datapath:datapath|pc_reg[24] ; sc_cpu:cpu|sc_datapath:datapath|pc_reg[26] ; pll_inst|altpll_component|auto_generated|pll1|clk[0] ; pll_inst|altpll_component|auto_generated|pll1|clk[0] ; 0.000        ; 0.041      ; 0.600      ;
; 0.508 ; sc_cpu:cpu|sc_datapath:datapath|pc_reg[15] ; sc_cpu:cpu|sc_datapath:datapath|pc_reg[17] ; pll_inst|altpll_component|auto_generated|pll1|clk[0] ; pll_inst|altpll_component|auto_generated|pll1|clk[0] ; 0.000        ; 0.045      ; 0.637      ;
; 0.511 ; sc_cpu:cpu|sc_datapath:datapath|pc_reg[15] ; sc_cpu:cpu|sc_datapath:datapath|pc_reg[18] ; pll_inst|altpll_component|auto_generated|pll1|clk[0] ; pll_inst|altpll_component|auto_generated|pll1|clk[0] ; 0.000        ; 0.045      ; 0.640      ;
; 0.511 ; sc_cpu:cpu|sc_datapath:datapath|pc_reg[7]  ; sc_cpu:cpu|sc_datapath:datapath|pc_reg[9]  ; pll_inst|altpll_component|auto_generated|pll1|clk[0] ; pll_inst|altpll_component|auto_generated|pll1|clk[0] ; 0.000        ; 0.041      ; 0.636      ;
; 0.512 ; sc_cpu:cpu|sc_datapath:datapath|pc_reg[17] ; sc_cpu:cpu|sc_datapath:datapath|pc_reg[19] ; pll_inst|altpll_component|auto_generated|pll1|clk[0] ; pll_inst|altpll_component|auto_generated|pll1|clk[0] ; 0.000        ; 0.041      ; 0.637      ;
; 0.512 ; sc_cpu:cpu|sc_datapath:datapath|pc_reg[9]  ; sc_cpu:cpu|sc_datapath:datapath|pc_reg[11] ; pll_inst|altpll_component|auto_generated|pll1|clk[0] ; pll_inst|altpll_component|auto_generated|pll1|clk[0] ; 0.000        ; 0.041      ; 0.637      ;
; 0.512 ; sc_cpu:cpu|sc_datapath:datapath|pc_reg[23] ; sc_cpu:cpu|sc_datapath:datapath|pc_reg[25] ; pll_inst|altpll_component|auto_generated|pll1|clk[0] ; pll_inst|altpll_component|auto_generated|pll1|clk[0] ; 0.000        ; 0.041      ; 0.637      ;
; 0.513 ; sc_cpu:cpu|sc_datapath:datapath|pc_reg[21] ; sc_cpu:cpu|sc_datapath:datapath|pc_reg[23] ; pll_inst|altpll_component|auto_generated|pll1|clk[0] ; pll_inst|altpll_component|auto_generated|pll1|clk[0] ; 0.000        ; 0.041      ; 0.638      ;
; 0.513 ; sc_cpu:cpu|sc_datapath:datapath|pc_reg[19] ; sc_cpu:cpu|sc_datapath:datapath|pc_reg[21] ; pll_inst|altpll_component|auto_generated|pll1|clk[0] ; pll_inst|altpll_component|auto_generated|pll1|clk[0] ; 0.000        ; 0.041      ; 0.638      ;
; 0.513 ; sc_cpu:cpu|sc_datapath:datapath|pc_reg[11] ; sc_cpu:cpu|sc_datapath:datapath|pc_reg[13] ; pll_inst|altpll_component|auto_generated|pll1|clk[0] ; pll_inst|altpll_component|auto_generated|pll1|clk[0] ; 0.000        ; 0.041      ; 0.638      ;
; 0.513 ; sc_cpu:cpu|sc_datapath:datapath|pc_reg[25] ; sc_cpu:cpu|sc_datapath:datapath|pc_reg[27] ; pll_inst|altpll_component|auto_generated|pll1|clk[0] ; pll_inst|altpll_component|auto_generated|pll1|clk[0] ; 0.000        ; 0.041      ; 0.638      ;
; 0.514 ; sc_cpu:cpu|sc_datapath:datapath|pc_reg[27] ; sc_cpu:cpu|sc_datapath:datapath|pc_reg[29] ; pll_inst|altpll_component|auto_generated|pll1|clk[0] ; pll_inst|altpll_component|auto_generated|pll1|clk[0] ; 0.000        ; 0.041      ; 0.639      ;
; 0.514 ; sc_cpu:cpu|sc_datapath:datapath|pc_reg[7]  ; sc_cpu:cpu|sc_datapath:datapath|pc_reg[10] ; pll_inst|altpll_component|auto_generated|pll1|clk[0] ; pll_inst|altpll_component|auto_generated|pll1|clk[0] ; 0.000        ; 0.041      ; 0.639      ;
; 0.514 ; sc_cpu:cpu|sc_datapath:datapath|pc_reg[29] ; sc_cpu:cpu|sc_datapath:datapath|pc_reg[31] ; pll_inst|altpll_component|auto_generated|pll1|clk[0] ; pll_inst|altpll_component|auto_generated|pll1|clk[0] ; 0.000        ; 0.041      ; 0.639      ;
; 0.515 ; sc_cpu:cpu|sc_datapath:datapath|pc_reg[17] ; sc_cpu:cpu|sc_datapath:datapath|pc_reg[20] ; pll_inst|altpll_component|auto_generated|pll1|clk[0] ; pll_inst|altpll_component|auto_generated|pll1|clk[0] ; 0.000        ; 0.041      ; 0.640      ;
; 0.515 ; sc_cpu:cpu|sc_datapath:datapath|pc_reg[9]  ; sc_cpu:cpu|sc_datapath:datapath|pc_reg[12] ; pll_inst|altpll_component|auto_generated|pll1|clk[0] ; pll_inst|altpll_component|auto_generated|pll1|clk[0] ; 0.000        ; 0.041      ; 0.640      ;
; 0.515 ; sc_cpu:cpu|sc_datapath:datapath|pc_reg[23] ; sc_cpu:cpu|sc_datapath:datapath|pc_reg[26] ; pll_inst|altpll_component|auto_generated|pll1|clk[0] ; pll_inst|altpll_component|auto_generated|pll1|clk[0] ; 0.000        ; 0.041      ; 0.640      ;
; 0.516 ; sc_cpu:cpu|sc_datapath:datapath|pc_reg[21] ; sc_cpu:cpu|sc_datapath:datapath|pc_reg[24] ; pll_inst|altpll_component|auto_generated|pll1|clk[0] ; pll_inst|altpll_component|auto_generated|pll1|clk[0] ; 0.000        ; 0.041      ; 0.641      ;
; 0.516 ; sc_cpu:cpu|sc_datapath:datapath|pc_reg[19] ; sc_cpu:cpu|sc_datapath:datapath|pc_reg[22] ; pll_inst|altpll_component|auto_generated|pll1|clk[0] ; pll_inst|altpll_component|auto_generated|pll1|clk[0] ; 0.000        ; 0.041      ; 0.641      ;
; 0.516 ; sc_cpu:cpu|sc_datapath:datapath|pc_reg[11] ; sc_cpu:cpu|sc_datapath:datapath|pc_reg[14] ; pll_inst|altpll_component|auto_generated|pll1|clk[0] ; pll_inst|altpll_component|auto_generated|pll1|clk[0] ; 0.000        ; 0.041      ; 0.641      ;
; 0.516 ; sc_cpu:cpu|sc_datapath:datapath|pc_reg[25] ; sc_cpu:cpu|sc_datapath:datapath|pc_reg[28] ; pll_inst|altpll_component|auto_generated|pll1|clk[0] ; pll_inst|altpll_component|auto_generated|pll1|clk[0] ; 0.000        ; 0.041      ; 0.641      ;
; 0.517 ; sc_cpu:cpu|sc_datapath:datapath|pc_reg[27] ; sc_cpu:cpu|sc_datapath:datapath|pc_reg[30] ; pll_inst|altpll_component|auto_generated|pll1|clk[0] ; pll_inst|altpll_component|auto_generated|pll1|clk[0] ; 0.000        ; 0.041      ; 0.642      ;
; 0.517 ; sc_cpu:cpu|sc_datapath:datapath|pc_reg[3]  ; sc_cpu:cpu|sc_datapath:datapath|pc_reg[5]  ; pll_inst|altpll_component|auto_generated|pll1|clk[0] ; pll_inst|altpll_component|auto_generated|pll1|clk[0] ; 0.000        ; 0.041      ; 0.642      ;
; 0.517 ; sc_cpu:cpu|sc_datapath:datapath|pc_reg[5]  ; sc_cpu:cpu|sc_datapath:datapath|pc_reg[7]  ; pll_inst|altpll_component|auto_generated|pll1|clk[0] ; pll_inst|altpll_component|auto_generated|pll1|clk[0] ; 0.000        ; 0.041      ; 0.642      ;
; 0.519 ; sc_cpu:cpu|sc_datapath:datapath|pc_reg[16] ; sc_cpu:cpu|sc_datapath:datapath|pc_reg[19] ; pll_inst|altpll_component|auto_generated|pll1|clk[0] ; pll_inst|altpll_component|auto_generated|pll1|clk[0] ; 0.000        ; 0.045      ; 0.648      ;
; 0.520 ; sc_cpu:cpu|sc_datapath:datapath|pc_reg[3]  ; sc_cpu:cpu|sc_datapath:datapath|pc_reg[6]  ; pll_inst|altpll_component|auto_generated|pll1|clk[0] ; pll_inst|altpll_component|auto_generated|pll1|clk[0] ; 0.000        ; 0.041      ; 0.645      ;
+-------+--------------------------------------------+--------------------------------------------+------------------------------------------------------+------------------------------------------------------+--------------+------------+------------+


----------------------------------------------
; Fast 1200mV 0C Model Metastability Summary ;
----------------------------------------------
No synchronizer chains to report.


+-------------------------------------------------------------------------------------------------------------------+
; Multicorner Timing Analysis Summary                                                                               ;
+-------------------------------------------------------+--------+-------+----------+---------+---------------------+
; Clock                                                 ; Setup  ; Hold  ; Recovery ; Removal ; Minimum Pulse Width ;
+-------------------------------------------------------+--------+-------+----------+---------+---------------------+
; Worst-case Slack                                      ; 61.244 ; 0.199 ; N/A      ; N/A     ; 9.574               ;
;  clk                                                  ; N/A    ; N/A   ; N/A      ; N/A     ; 9.574               ;
;  pll_inst|altpll_component|auto_generated|pll1|clk[0] ; 61.244 ; 0.199 ; N/A      ; N/A     ; 49.705              ;
; Design-wide TNS                                       ; 0.0    ; 0.0   ; 0.0      ; 0.0     ; 0.0                 ;
;  clk                                                  ; N/A    ; N/A   ; N/A      ; N/A     ; 0.000               ;
;  pll_inst|altpll_component|auto_generated|pll1|clk[0] ; 0.000  ; 0.000 ; N/A      ; N/A     ; 0.000               ;
+-------------------------------------------------------+--------+-------+----------+---------+---------------------+


+------------------------------------------------------------------------------------------------------------------------------------------------------------------------------------------------------------------------------------------------------------------------------------------------------------------------------------------------------------------------------------------------------------------+
; Board Trace Model Assignments                                                                                                                                                                                                                                                                                                                                                                                    ;
+---------------+--------------+-------------------+-------------------------+-------------------------+---------------+---------------------+----------------+------------------+--------+------------------+------------------------+------------------------+--------------+---------------+-----------------+-------+---------------------+--------------------+---------------+-----------------+-------------+
; Pin           ; I/O Standard ; Near Tline Length ; Near Tline L per Length ; Near Tline C per Length ; Near Series R ; Near Differential R ; Near Pull-up R ; Near Pull-down R ; Near C ; Far Tline Length ; Far Tline L per Length ; Far Tline C per Length ; Far Series R ; Far Pull-up R ; Far Pull-down R ; Far C ; Termination Voltage ; Far Differential R ; EBD File Name ; EBD Signal Name ; EBD Far-end ;
+---------------+--------------+-------------------+-------------------------+-------------------------+---------------+---------------------+----------------+------------------+--------+------------------+------------------------+------------------------+--------------+---------------+-----------------+-------+---------------------+--------------------+---------------+-----------------+-------------+
; PC[0]         ; 2.5 V        ; 0 in              ; 0 H/in                  ; 0 F/in                  ; short         ; -                   ; open           ; open             ; open   ; 0 in             ; 0 H/in                 ; 0 F/in                 ; short        ; open          ; open            ; open  ; 0 V                 ; -                  ; n/a           ; n/a             ; n/a         ;
; PC[1]         ; 2.5 V        ; 0 in              ; 0 H/in                  ; 0 F/in                  ; short         ; -                   ; open           ; open             ; open   ; 0 in             ; 0 H/in                 ; 0 F/in                 ; short        ; open          ; open            ; open  ; 0 V                 ; -                  ; n/a           ; n/a             ; n/a         ;
; PC[2]         ; 2.5 V        ; 0 in              ; 0 H/in                  ; 0 F/in                  ; short         ; -                   ; open           ; open             ; open   ; 0 in             ; 0 H/in                 ; 0 F/in                 ; short        ; open          ; open            ; open  ; 0 V                 ; -                  ; n/a           ; n/a             ; n/a         ;
; PC[3]         ; 2.5 V        ; 0 in              ; 0 H/in                  ; 0 F/in                  ; short         ; -                   ; open           ; open             ; open   ; 0 in             ; 0 H/in                 ; 0 F/in                 ; short        ; open          ; open            ; open  ; 0 V                 ; -                  ; n/a           ; n/a             ; n/a         ;
; PC[4]         ; 2.5 V        ; 0 in              ; 0 H/in                  ; 0 F/in                  ; short         ; -                   ; open           ; open             ; open   ; 0 in             ; 0 H/in                 ; 0 F/in                 ; short        ; open          ; open            ; open  ; 0 V                 ; -                  ; n/a           ; n/a             ; n/a         ;
; PC[5]         ; 2.5 V        ; 0 in              ; 0 H/in                  ; 0 F/in                  ; short         ; -                   ; open           ; open             ; open   ; 0 in             ; 0 H/in                 ; 0 F/in                 ; short        ; open          ; open            ; open  ; 0 V                 ; -                  ; n/a           ; n/a             ; n/a         ;
; PC[6]         ; 2.5 V        ; 0 in              ; 0 H/in                  ; 0 F/in                  ; short         ; -                   ; open           ; open             ; open   ; 0 in             ; 0 H/in                 ; 0 F/in                 ; short        ; open          ; open            ; open  ; 0 V                 ; -                  ; n/a           ; n/a             ; n/a         ;
; PC[7]         ; 2.5 V        ; 0 in              ; 0 H/in                  ; 0 F/in                  ; short         ; -                   ; open           ; open             ; open   ; 0 in             ; 0 H/in                 ; 0 F/in                 ; short        ; open          ; open            ; open  ; 0 V                 ; -                  ; n/a           ; n/a             ; n/a         ;
; PC[8]         ; 2.5 V        ; 0 in              ; 0 H/in                  ; 0 F/in                  ; short         ; -                   ; open           ; open             ; open   ; 0 in             ; 0 H/in                 ; 0 F/in                 ; short        ; open          ; open            ; open  ; 0 V                 ; -                  ; n/a           ; n/a             ; n/a         ;
; PC[9]         ; 2.5 V        ; 0 in              ; 0 H/in                  ; 0 F/in                  ; short         ; -                   ; open           ; open             ; open   ; 0 in             ; 0 H/in                 ; 0 F/in                 ; short        ; open          ; open            ; open  ; 0 V                 ; -                  ; n/a           ; n/a             ; n/a         ;
; PC[10]        ; 2.5 V        ; 0 in              ; 0 H/in                  ; 0 F/in                  ; short         ; -                   ; open           ; open             ; open   ; 0 in             ; 0 H/in                 ; 0 F/in                 ; short        ; open          ; open            ; open  ; 0 V                 ; -                  ; n/a           ; n/a             ; n/a         ;
; PC[11]        ; 2.5 V        ; 0 in              ; 0 H/in                  ; 0 F/in                  ; short         ; -                   ; open           ; open             ; open   ; 0 in             ; 0 H/in                 ; 0 F/in                 ; short        ; open          ; open            ; open  ; 0 V                 ; -                  ; n/a           ; n/a             ; n/a         ;
; PC[12]        ; 2.5 V        ; 0 in              ; 0 H/in                  ; 0 F/in                  ; short         ; -                   ; open           ; open             ; open   ; 0 in             ; 0 H/in                 ; 0 F/in                 ; short        ; open          ; open            ; open  ; 0 V                 ; -                  ; n/a           ; n/a             ; n/a         ;
; PC[13]        ; 2.5 V        ; 0 in              ; 0 H/in                  ; 0 F/in                  ; short         ; -                   ; open           ; open             ; open   ; 0 in             ; 0 H/in                 ; 0 F/in                 ; short        ; open          ; open            ; open  ; 0 V                 ; -                  ; n/a           ; n/a             ; n/a         ;
; PC[14]        ; 2.5 V        ; 0 in              ; 0 H/in                  ; 0 F/in                  ; short         ; -                   ; open           ; open             ; open   ; 0 in             ; 0 H/in                 ; 0 F/in                 ; short        ; open          ; open            ; open  ; 0 V                 ; -                  ; n/a           ; n/a             ; n/a         ;
; PC[15]        ; 2.5 V        ; 0 in              ; 0 H/in                  ; 0 F/in                  ; short         ; -                   ; open           ; open             ; open   ; 0 in             ; 0 H/in                 ; 0 F/in                 ; short        ; open          ; open            ; open  ; 0 V                 ; -                  ; n/a           ; n/a             ; n/a         ;
; PC[16]        ; 2.5 V        ; 0 in              ; 0 H/in                  ; 0 F/in                  ; short         ; -                   ; open           ; open             ; open   ; 0 in             ; 0 H/in                 ; 0 F/in                 ; short        ; open          ; open            ; open  ; 0 V                 ; -                  ; n/a           ; n/a             ; n/a         ;
; PC[17]        ; 2.5 V        ; 0 in              ; 0 H/in                  ; 0 F/in                  ; short         ; -                   ; open           ; open             ; open   ; 0 in             ; 0 H/in                 ; 0 F/in                 ; short        ; open          ; open            ; open  ; 0 V                 ; -                  ; n/a           ; n/a             ; n/a         ;
; PC[18]        ; 2.5 V        ; 0 in              ; 0 H/in                  ; 0 F/in                  ; short         ; -                   ; open           ; open             ; open   ; 0 in             ; 0 H/in                 ; 0 F/in                 ; short        ; open          ; open            ; open  ; 0 V                 ; -                  ; n/a           ; n/a             ; n/a         ;
; PC[19]        ; 2.5 V        ; 0 in              ; 0 H/in                  ; 0 F/in                  ; short         ; -                   ; open           ; open             ; open   ; 0 in             ; 0 H/in                 ; 0 F/in                 ; short        ; open          ; open            ; open  ; 0 V                 ; -                  ; n/a           ; n/a             ; n/a         ;
; PC[20]        ; 2.5 V        ; 0 in              ; 0 H/in                  ; 0 F/in                  ; short         ; -                   ; open           ; open             ; open   ; 0 in             ; 0 H/in                 ; 0 F/in                 ; short        ; open          ; open            ; open  ; 0 V                 ; -                  ; n/a           ; n/a             ; n/a         ;
; PC[21]        ; 2.5 V        ; 0 in              ; 0 H/in                  ; 0 F/in                  ; short         ; -                   ; open           ; open             ; open   ; 0 in             ; 0 H/in                 ; 0 F/in                 ; short        ; open          ; open            ; open  ; 0 V                 ; -                  ; n/a           ; n/a             ; n/a         ;
; PC[22]        ; 2.5 V        ; 0 in              ; 0 H/in                  ; 0 F/in                  ; short         ; -                   ; open           ; open             ; open   ; 0 in             ; 0 H/in                 ; 0 F/in                 ; short        ; open          ; open            ; open  ; 0 V                 ; -                  ; n/a           ; n/a             ; n/a         ;
; PC[23]        ; 2.5 V        ; 0 in              ; 0 H/in                  ; 0 F/in                  ; short         ; -                   ; open           ; open             ; open   ; 0 in             ; 0 H/in                 ; 0 F/in                 ; short        ; open          ; open            ; open  ; 0 V                 ; -                  ; n/a           ; n/a             ; n/a         ;
; PC[24]        ; 2.5 V        ; 0 in              ; 0 H/in                  ; 0 F/in                  ; short         ; -                   ; open           ; open             ; open   ; 0 in             ; 0 H/in                 ; 0 F/in                 ; short        ; open          ; open            ; open  ; 0 V                 ; -                  ; n/a           ; n/a             ; n/a         ;
; PC[25]        ; 2.5 V        ; 0 in              ; 0 H/in                  ; 0 F/in                  ; short         ; -                   ; open           ; open             ; open   ; 0 in             ; 0 H/in                 ; 0 F/in                 ; short        ; open          ; open            ; open  ; 0 V                 ; -                  ; n/a           ; n/a             ; n/a         ;
; PC[26]        ; 2.5 V        ; 0 in              ; 0 H/in                  ; 0 F/in                  ; short         ; -                   ; open           ; open             ; open   ; 0 in             ; 0 H/in                 ; 0 F/in                 ; short        ; open          ; open            ; open  ; 0 V                 ; -                  ; n/a           ; n/a             ; n/a         ;
; PC[27]        ; 2.5 V        ; 0 in              ; 0 H/in                  ; 0 F/in                  ; short         ; -                   ; open           ; open             ; open   ; 0 in             ; 0 H/in                 ; 0 F/in                 ; short        ; open          ; open            ; open  ; 0 V                 ; -                  ; n/a           ; n/a             ; n/a         ;
; PC[28]        ; 2.5 V        ; 0 in              ; 0 H/in                  ; 0 F/in                  ; short         ; -                   ; open           ; open             ; open   ; 0 in             ; 0 H/in                 ; 0 F/in                 ; short        ; open          ; open            ; open  ; 0 V                 ; -                  ; n/a           ; n/a             ; n/a         ;
; PC[29]        ; 2.5 V        ; 0 in              ; 0 H/in                  ; 0 F/in                  ; short         ; -                   ; open           ; open             ; open   ; 0 in             ; 0 H/in                 ; 0 F/in                 ; short        ; open          ; open            ; open  ; 0 V                 ; -                  ; n/a           ; n/a             ; n/a         ;
; PC[30]        ; 2.5 V        ; 0 in              ; 0 H/in                  ; 0 F/in                  ; short         ; -                   ; open           ; open             ; open   ; 0 in             ; 0 H/in                 ; 0 F/in                 ; short        ; open          ; open            ; open  ; 0 V                 ; -                  ; n/a           ; n/a             ; n/a         ;
; PC[31]        ; 2.5 V        ; 0 in              ; 0 H/in                  ; 0 F/in                  ; short         ; -                   ; open           ; open             ; open   ; 0 in             ; 0 H/in                 ; 0 F/in                 ; short        ; open          ; open            ; open  ; 0 V                 ; -                  ; n/a           ; n/a             ; n/a         ;
; LEDR[0]       ; 2.5 V        ; 0 in              ; 0 H/in                  ; 0 F/in                  ; short         ; -                   ; open           ; open             ; open   ; 0 in             ; 0 H/in                 ; 0 F/in                 ; short        ; open          ; open            ; open  ; 0 V                 ; -                  ; n/a           ; n/a             ; n/a         ;
; LEDR[1]       ; 2.5 V        ; 0 in              ; 0 H/in                  ; 0 F/in                  ; short         ; -                   ; open           ; open             ; open   ; 0 in             ; 0 H/in                 ; 0 F/in                 ; short        ; open          ; open            ; open  ; 0 V                 ; -                  ; n/a           ; n/a             ; n/a         ;
; LEDR[2]       ; 2.5 V        ; 0 in              ; 0 H/in                  ; 0 F/in                  ; short         ; -                   ; open           ; open             ; open   ; 0 in             ; 0 H/in                 ; 0 F/in                 ; short        ; open          ; open            ; open  ; 0 V                 ; -                  ; n/a           ; n/a             ; n/a         ;
; LEDR[3]       ; 2.5 V        ; 0 in              ; 0 H/in                  ; 0 F/in                  ; short         ; -                   ; open           ; open             ; open   ; 0 in             ; 0 H/in                 ; 0 F/in                 ; short        ; open          ; open            ; open  ; 0 V                 ; -                  ; n/a           ; n/a             ; n/a         ;
; LEDR[4]       ; 2.5 V        ; 0 in              ; 0 H/in                  ; 0 F/in                  ; short         ; -                   ; open           ; open             ; open   ; 0 in             ; 0 H/in                 ; 0 F/in                 ; short        ; open          ; open            ; open  ; 0 V                 ; -                  ; n/a           ; n/a             ; n/a         ;
; LEDR[5]       ; 2.5 V        ; 0 in              ; 0 H/in                  ; 0 F/in                  ; short         ; -                   ; open           ; open             ; open   ; 0 in             ; 0 H/in                 ; 0 F/in                 ; short        ; open          ; open            ; open  ; 0 V                 ; -                  ; n/a           ; n/a             ; n/a         ;
; LEDR[6]       ; 2.5 V        ; 0 in              ; 0 H/in                  ; 0 F/in                  ; short         ; -                   ; open           ; open             ; open   ; 0 in             ; 0 H/in                 ; 0 F/in                 ; short        ; open          ; open            ; open  ; 0 V                 ; -                  ; n/a           ; n/a             ; n/a         ;
; LEDR[7]       ; 2.5 V        ; 0 in              ; 0 H/in                  ; 0 F/in                  ; short         ; -                   ; open           ; open             ; open   ; 0 in             ; 0 H/in                 ; 0 F/in                 ; short        ; open          ; open            ; open  ; 0 V                 ; -                  ; n/a           ; n/a             ; n/a         ;
; LEDR[8]       ; 2.5 V        ; 0 in              ; 0 H/in                  ; 0 F/in                  ; short         ; -                   ; open           ; open             ; open   ; 0 in             ; 0 H/in                 ; 0 F/in                 ; short        ; open          ; open            ; open  ; 0 V                 ; -                  ; n/a           ; n/a             ; n/a         ;
; LEDR[9]       ; 2.5 V        ; 0 in              ; 0 H/in                  ; 0 F/in                  ; short         ; -                   ; open           ; open             ; open   ; 0 in             ; 0 H/in                 ; 0 F/in                 ; short        ; open          ; open            ; open  ; 0 V                 ; -                  ; n/a           ; n/a             ; n/a         ;
; LEDR[10]      ; 2.5 V        ; 0 in              ; 0 H/in                  ; 0 F/in                  ; short         ; -                   ; open           ; open             ; open   ; 0 in             ; 0 H/in                 ; 0 F/in                 ; short        ; open          ; open            ; open  ; 0 V                 ; -                  ; n/a           ; n/a             ; n/a         ;
; LEDR[11]      ; 2.5 V        ; 0 in              ; 0 H/in                  ; 0 F/in                  ; short         ; -                   ; open           ; open             ; open   ; 0 in             ; 0 H/in                 ; 0 F/in                 ; short        ; open          ; open            ; open  ; 0 V                 ; -                  ; n/a           ; n/a             ; n/a         ;
; LEDR[12]      ; 2.5 V        ; 0 in              ; 0 H/in                  ; 0 F/in                  ; short         ; -                   ; open           ; open             ; open   ; 0 in             ; 0 H/in                 ; 0 F/in                 ; short        ; open          ; open            ; open  ; 0 V                 ; -                  ; n/a           ; n/a             ; n/a         ;
; LEDR[13]      ; 2.5 V        ; 0 in              ; 0 H/in                  ; 0 F/in                  ; short         ; -                   ; open           ; open             ; open   ; 0 in             ; 0 H/in                 ; 0 F/in                 ; short        ; open          ; open            ; open  ; 0 V                 ; -                  ; n/a           ; n/a             ; n/a         ;
; LEDR[14]      ; 2.5 V        ; 0 in              ; 0 H/in                  ; 0 F/in                  ; short         ; -                   ; open           ; open             ; open   ; 0 in             ; 0 H/in                 ; 0 F/in                 ; short        ; open          ; open            ; open  ; 0 V                 ; -                  ; n/a           ; n/a             ; n/a         ;
; LEDR[15]      ; 2.5 V        ; 0 in              ; 0 H/in                  ; 0 F/in                  ; short         ; -                   ; open           ; open             ; open   ; 0 in             ; 0 H/in                 ; 0 F/in                 ; short        ; open          ; open            ; open  ; 0 V                 ; -                  ; n/a           ; n/a             ; n/a         ;
; LEDR[16]      ; 2.5 V        ; 0 in              ; 0 H/in                  ; 0 F/in                  ; short         ; -                   ; open           ; open             ; open   ; 0 in             ; 0 H/in                 ; 0 F/in                 ; short        ; open          ; open            ; open  ; 0 V                 ; -                  ; n/a           ; n/a             ; n/a         ;
; LEDR[17]      ; 2.5 V        ; 0 in              ; 0 H/in                  ; 0 F/in                  ; short         ; -                   ; open           ; open             ; open   ; 0 in             ; 0 H/in                 ; 0 F/in                 ; short        ; open          ; open            ; open  ; 0 V                 ; -                  ; n/a           ; n/a             ; n/a         ;
; LEDG[0]       ; 2.5 V        ; 0 in              ; 0 H/in                  ; 0 F/in                  ; short         ; -                   ; open           ; open             ; open   ; 0 in             ; 0 H/in                 ; 0 F/in                 ; short        ; open          ; open            ; open  ; 0 V                 ; -                  ; n/a           ; n/a             ; n/a         ;
; LEDG[1]       ; 2.5 V        ; 0 in              ; 0 H/in                  ; 0 F/in                  ; short         ; -                   ; open           ; open             ; open   ; 0 in             ; 0 H/in                 ; 0 F/in                 ; short        ; open          ; open            ; open  ; 0 V                 ; -                  ; n/a           ; n/a             ; n/a         ;
; LEDG[2]       ; 2.5 V        ; 0 in              ; 0 H/in                  ; 0 F/in                  ; short         ; -                   ; open           ; open             ; open   ; 0 in             ; 0 H/in                 ; 0 F/in                 ; short        ; open          ; open            ; open  ; 0 V                 ; -                  ; n/a           ; n/a             ; n/a         ;
; LEDG[3]       ; 2.5 V        ; 0 in              ; 0 H/in                  ; 0 F/in                  ; short         ; -                   ; open           ; open             ; open   ; 0 in             ; 0 H/in                 ; 0 F/in                 ; short        ; open          ; open            ; open  ; 0 V                 ; -                  ; n/a           ; n/a             ; n/a         ;
; LEDG[4]       ; 2.5 V        ; 0 in              ; 0 H/in                  ; 0 F/in                  ; short         ; -                   ; open           ; open             ; open   ; 0 in             ; 0 H/in                 ; 0 F/in                 ; short        ; open          ; open            ; open  ; 0 V                 ; -                  ; n/a           ; n/a             ; n/a         ;
; LEDG[5]       ; 2.5 V        ; 0 in              ; 0 H/in                  ; 0 F/in                  ; short         ; -                   ; open           ; open             ; open   ; 0 in             ; 0 H/in                 ; 0 F/in                 ; short        ; open          ; open            ; open  ; 0 V                 ; -                  ; n/a           ; n/a             ; n/a         ;
; LEDG[6]       ; 2.5 V        ; 0 in              ; 0 H/in                  ; 0 F/in                  ; short         ; -                   ; open           ; open             ; open   ; 0 in             ; 0 H/in                 ; 0 F/in                 ; short        ; open          ; open            ; open  ; 0 V                 ; -                  ; n/a           ; n/a             ; n/a         ;
; LEDG[7]       ; 2.5 V        ; 0 in              ; 0 H/in                  ; 0 F/in                  ; short         ; -                   ; open           ; open             ; open   ; 0 in             ; 0 H/in                 ; 0 F/in                 ; short        ; open          ; open            ; open  ; 0 V                 ; -                  ; n/a           ; n/a             ; n/a         ;
; LEDG[8]       ; 2.5 V        ; 0 in              ; 0 H/in                  ; 0 F/in                  ; short         ; -                   ; open           ; open             ; open   ; 0 in             ; 0 H/in                 ; 0 F/in                 ; short        ; open          ; open            ; open  ; 0 V                 ; -                  ; n/a           ; n/a             ; n/a         ;
; ~ALTERA_DCLK~ ; 2.5 V        ; 0 in              ; 0 H/in                  ; 0 F/in                  ; short         ; -                   ; open           ; open             ; open   ; 0 in             ; 0 H/in                 ; 0 F/in                 ; short        ; open          ; open            ; open  ; 0 V                 ; -                  ; n/a           ; n/a             ; n/a         ;
; ~ALTERA_nCEO~ ; 2.5 V        ; 0 in              ; 0 H/in                  ; 0 F/in                  ; short         ; -                   ; open           ; open             ; open   ; 0 in             ; 0 H/in                 ; 0 F/in                 ; short        ; open          ; open            ; open  ; 0 V                 ; -                  ; n/a           ; n/a             ; n/a         ;
+---------------+--------------+-------------------+-------------------------+-------------------------+---------------+---------------------+----------------+------------------+--------+------------------+------------------------+------------------------+--------------+---------------+-----------------+-------+---------------------+--------------------+---------------+-----------------+-------------+


+----------------------------------------------------------------------------+
; Input Transition Times                                                     ;
+-------------------------+--------------+-----------------+-----------------+
; Pin                     ; I/O Standard ; 10-90 Rise Time ; 90-10 Fall Time ;
+-------------------------+--------------+-----------------+-----------------+
; rst_n                   ; 2.5 V        ; 2000 ps         ; 2000 ps         ;
; clk                     ; 2.5 V        ; 2000 ps         ; 2000 ps         ;
; KEY[2]                  ; 2.5 V        ; 2000 ps         ; 2000 ps         ;
; SW[2]                   ; 2.5 V        ; 2000 ps         ; 2000 ps         ;
; KEY[1]                  ; 2.5 V        ; 2000 ps         ; 2000 ps         ;
; SW[1]                   ; 2.5 V        ; 2000 ps         ; 2000 ps         ;
; SW[0]                   ; 2.5 V        ; 2000 ps         ; 2000 ps         ;
; SW[17]                  ; 2.5 V        ; 2000 ps         ; 2000 ps         ;
; SW[16]                  ; 2.5 V        ; 2000 ps         ; 2000 ps         ;
; SW[15]                  ; 2.5 V        ; 2000 ps         ; 2000 ps         ;
; SW[14]                  ; 2.5 V        ; 2000 ps         ; 2000 ps         ;
; SW[13]                  ; 2.5 V        ; 2000 ps         ; 2000 ps         ;
; SW[12]                  ; 2.5 V        ; 2000 ps         ; 2000 ps         ;
; SW[11]                  ; 2.5 V        ; 2000 ps         ; 2000 ps         ;
; SW[10]                  ; 2.5 V        ; 2000 ps         ; 2000 ps         ;
; SW[9]                   ; 2.5 V        ; 2000 ps         ; 2000 ps         ;
; SW[8]                   ; 2.5 V        ; 2000 ps         ; 2000 ps         ;
; SW[7]                   ; 2.5 V        ; 2000 ps         ; 2000 ps         ;
; SW[6]                   ; 2.5 V        ; 2000 ps         ; 2000 ps         ;
; SW[5]                   ; 2.5 V        ; 2000 ps         ; 2000 ps         ;
; SW[4]                   ; 2.5 V        ; 2000 ps         ; 2000 ps         ;
; KEY[3]                  ; 2.5 V        ; 2000 ps         ; 2000 ps         ;
; SW[3]                   ; 2.5 V        ; 2000 ps         ; 2000 ps         ;
; ~ALTERA_ASDO_DATA1~     ; 2.5 V        ; 2000 ps         ; 2000 ps         ;
; ~ALTERA_FLASH_nCE_nCSO~ ; 2.5 V        ; 2000 ps         ; 2000 ps         ;
; ~ALTERA_DATA0~          ; 2.5 V        ; 2000 ps         ; 2000 ps         ;
+-------------------------+--------------+-----------------+-----------------+


+--------------------------------------------------------------------------------------------------------------------------------------------------------------------------------------------------------------------------------------------------------------------------------------------------------------------------------------------------------------------------------------------------------------------------------------------------------------------------------------------------------------------------------------------------------------------------------------------------------------------------------------------------------------------------------------------+
; Signal Integrity Metrics (Slow 1200mv 0c Model)                                                                                                                                                                                                                                                                                                                                                                                                                                                                                                                                                                                                                                            ;
+---------------+--------------+---------------------+---------------------+------------------------------+------------------------------+---------------------+---------------------+--------------------------------------+--------------------------------------+-----------------------------+-----------------------------+----------------------------+----------------------------+-----------------------------+-----------------------------+--------------------+--------------------+-------------------------------------+-------------------------------------+----------------------------+----------------------------+---------------------------+---------------------------+
; Pin           ; I/O Standard ; Board Delay on Rise ; Board Delay on Fall ; Steady State Voh at FPGA Pin ; Steady State Vol at FPGA Pin ; Voh Max at FPGA Pin ; Vol Min at FPGA Pin ; Ringback Voltage on Rise at FPGA Pin ; Ringback Voltage on Fall at FPGA Pin ; 10-90 Rise Time at FPGA Pin ; 90-10 Fall Time at FPGA Pin ; Monotonic Rise at FPGA Pin ; Monotonic Fall at FPGA Pin ; Steady State Voh at Far-end ; Steady State Vol at Far-end ; Voh Max at Far-end ; Vol Min at Far-end ; Ringback Voltage on Rise at Far-end ; Ringback Voltage on Fall at Far-end ; 10-90 Rise Time at Far-end ; 90-10 Fall Time at Far-end ; Monotonic Rise at Far-end ; Monotonic Fall at Far-end ;
+---------------+--------------+---------------------+---------------------+------------------------------+------------------------------+---------------------+---------------------+--------------------------------------+--------------------------------------+-----------------------------+-----------------------------+----------------------------+----------------------------+-----------------------------+-----------------------------+--------------------+--------------------+-------------------------------------+-------------------------------------+----------------------------+----------------------------+---------------------------+---------------------------+
; PC[0]         ; 2.5 V        ; 0 s                 ; 0 s                 ; 2.32 V                       ; 4.49e-09 V                   ; 2.38 V              ; -0.00552 V          ; 0.096 V                              ; 0.019 V                              ; 4.18e-10 s                  ; 3.59e-10 s                  ; No                         ; Yes                        ; 2.32 V                      ; 4.49e-09 V                  ; 2.38 V             ; -0.00552 V         ; 0.096 V                             ; 0.019 V                             ; 4.18e-10 s                 ; 3.59e-10 s                 ; No                        ; Yes                       ;
; PC[1]         ; 2.5 V        ; 0 s                 ; 0 s                 ; 2.32 V                       ; 4.49e-09 V                   ; 2.38 V              ; -0.00552 V          ; 0.096 V                              ; 0.019 V                              ; 4.18e-10 s                  ; 3.59e-10 s                  ; No                         ; Yes                        ; 2.32 V                      ; 4.49e-09 V                  ; 2.38 V             ; -0.00552 V         ; 0.096 V                             ; 0.019 V                             ; 4.18e-10 s                 ; 3.59e-10 s                 ; No                        ; Yes                       ;
; PC[2]         ; 2.5 V        ; 0 s                 ; 0 s                 ; 2.32 V                       ; 4.49e-09 V                   ; 2.38 V              ; -0.00552 V          ; 0.096 V                              ; 0.019 V                              ; 4.18e-10 s                  ; 3.59e-10 s                  ; No                         ; Yes                        ; 2.32 V                      ; 4.49e-09 V                  ; 2.38 V             ; -0.00552 V         ; 0.096 V                             ; 0.019 V                             ; 4.18e-10 s                 ; 3.59e-10 s                 ; No                        ; Yes                       ;
; PC[3]         ; 2.5 V        ; 0 s                 ; 0 s                 ; 2.32 V                       ; 4.49e-09 V                   ; 2.38 V              ; -0.00552 V          ; 0.096 V                              ; 0.019 V                              ; 4.18e-10 s                  ; 3.59e-10 s                  ; No                         ; Yes                        ; 2.32 V                      ; 4.49e-09 V                  ; 2.38 V             ; -0.00552 V         ; 0.096 V                             ; 0.019 V                             ; 4.18e-10 s                 ; 3.59e-10 s                 ; No                        ; Yes                       ;
; PC[4]         ; 2.5 V        ; 0 s                 ; 0 s                 ; 2.32 V                       ; 4.49e-09 V                   ; 2.38 V              ; -0.00552 V          ; 0.096 V                              ; 0.019 V                              ; 4.18e-10 s                  ; 3.59e-10 s                  ; No                         ; Yes                        ; 2.32 V                      ; 4.49e-09 V                  ; 2.38 V             ; -0.00552 V         ; 0.096 V                             ; 0.019 V                             ; 4.18e-10 s                 ; 3.59e-10 s                 ; No                        ; Yes                       ;
; PC[5]         ; 2.5 V        ; 0 s                 ; 0 s                 ; 2.32 V                       ; 4.49e-09 V                   ; 2.38 V              ; -0.00552 V          ; 0.096 V                              ; 0.019 V                              ; 4.18e-10 s                  ; 3.59e-10 s                  ; No                         ; Yes                        ; 2.32 V                      ; 4.49e-09 V                  ; 2.38 V             ; -0.00552 V         ; 0.096 V                             ; 0.019 V                             ; 4.18e-10 s                 ; 3.59e-10 s                 ; No                        ; Yes                       ;
; PC[6]         ; 2.5 V        ; 0 s                 ; 0 s                 ; 2.32 V                       ; 4.49e-09 V                   ; 2.38 V              ; -0.00552 V          ; 0.096 V                              ; 0.019 V                              ; 4.18e-10 s                  ; 3.59e-10 s                  ; No                         ; Yes                        ; 2.32 V                      ; 4.49e-09 V                  ; 2.38 V             ; -0.00552 V         ; 0.096 V                             ; 0.019 V                             ; 4.18e-10 s                 ; 3.59e-10 s                 ; No                        ; Yes                       ;
; PC[7]         ; 2.5 V        ; 0 s                 ; 0 s                 ; 2.32 V                       ; 4.49e-09 V                   ; 2.38 V              ; -0.00552 V          ; 0.096 V                              ; 0.019 V                              ; 4.18e-10 s                  ; 3.59e-10 s                  ; No                         ; Yes                        ; 2.32 V                      ; 4.49e-09 V                  ; 2.38 V             ; -0.00552 V         ; 0.096 V                             ; 0.019 V                             ; 4.18e-10 s                 ; 3.59e-10 s                 ; No                        ; Yes                       ;
; PC[8]         ; 2.5 V        ; 0 s                 ; 0 s                 ; 2.32 V                       ; 4.49e-09 V                   ; 2.38 V              ; -0.00552 V          ; 0.096 V                              ; 0.019 V                              ; 4.18e-10 s                  ; 3.59e-10 s                  ; No                         ; Yes                        ; 2.32 V                      ; 4.49e-09 V                  ; 2.38 V             ; -0.00552 V         ; 0.096 V                             ; 0.019 V                             ; 4.18e-10 s                 ; 3.59e-10 s                 ; No                        ; Yes                       ;
; PC[9]         ; 2.5 V        ; 0 s                 ; 0 s                 ; 2.32 V                       ; 4.49e-09 V                   ; 2.38 V              ; -0.00552 V          ; 0.096 V                              ; 0.019 V                              ; 4.18e-10 s                  ; 3.59e-10 s                  ; No                         ; Yes                        ; 2.32 V                      ; 4.49e-09 V                  ; 2.38 V             ; -0.00552 V         ; 0.096 V                             ; 0.019 V                             ; 4.18e-10 s                 ; 3.59e-10 s                 ; No                        ; Yes                       ;
; PC[10]        ; 2.5 V        ; 0 s                 ; 0 s                 ; 2.32 V                       ; 4.49e-09 V                   ; 2.38 V              ; -0.00552 V          ; 0.096 V                              ; 0.019 V                              ; 4.18e-10 s                  ; 3.59e-10 s                  ; No                         ; Yes                        ; 2.32 V                      ; 4.49e-09 V                  ; 2.38 V             ; -0.00552 V         ; 0.096 V                             ; 0.019 V                             ; 4.18e-10 s                 ; 3.59e-10 s                 ; No                        ; Yes                       ;
; PC[11]        ; 2.5 V        ; 0 s                 ; 0 s                 ; 2.32 V                       ; 4.49e-09 V                   ; 2.38 V              ; -0.00552 V          ; 0.096 V                              ; 0.019 V                              ; 4.18e-10 s                  ; 3.59e-10 s                  ; No                         ; Yes                        ; 2.32 V                      ; 4.49e-09 V                  ; 2.38 V             ; -0.00552 V         ; 0.096 V                             ; 0.019 V                             ; 4.18e-10 s                 ; 3.59e-10 s                 ; No                        ; Yes                       ;
; PC[12]        ; 2.5 V        ; 0 s                 ; 0 s                 ; 2.32 V                       ; 4.49e-09 V                   ; 2.38 V              ; -0.00552 V          ; 0.096 V                              ; 0.019 V                              ; 4.18e-10 s                  ; 3.59e-10 s                  ; No                         ; Yes                        ; 2.32 V                      ; 4.49e-09 V                  ; 2.38 V             ; -0.00552 V         ; 0.096 V                             ; 0.019 V                             ; 4.18e-10 s                 ; 3.59e-10 s                 ; No                        ; Yes                       ;
; PC[13]        ; 2.5 V        ; 0 s                 ; 0 s                 ; 2.32 V                       ; 4.49e-09 V                   ; 2.38 V              ; -0.00552 V          ; 0.096 V                              ; 0.019 V                              ; 4.18e-10 s                  ; 3.59e-10 s                  ; No                         ; Yes                        ; 2.32 V                      ; 4.49e-09 V                  ; 2.38 V             ; -0.00552 V         ; 0.096 V                             ; 0.019 V                             ; 4.18e-10 s                 ; 3.59e-10 s                 ; No                        ; Yes                       ;
; PC[14]        ; 2.5 V        ; 0 s                 ; 0 s                 ; 2.32 V                       ; 4.49e-09 V                   ; 2.38 V              ; -0.00552 V          ; 0.096 V                              ; 0.019 V                              ; 4.18e-10 s                  ; 3.59e-10 s                  ; No                         ; Yes                        ; 2.32 V                      ; 4.49e-09 V                  ; 2.38 V             ; -0.00552 V         ; 0.096 V                             ; 0.019 V                             ; 4.18e-10 s                 ; 3.59e-10 s                 ; No                        ; Yes                       ;
; PC[15]        ; 2.5 V        ; 0 s                 ; 0 s                 ; 2.32 V                       ; 4.49e-09 V                   ; 2.38 V              ; -0.00552 V          ; 0.096 V                              ; 0.019 V                              ; 4.18e-10 s                  ; 3.59e-10 s                  ; No                         ; Yes                        ; 2.32 V                      ; 4.49e-09 V                  ; 2.38 V             ; -0.00552 V         ; 0.096 V                             ; 0.019 V                             ; 4.18e-10 s                 ; 3.59e-10 s                 ; No                        ; Yes                       ;
; PC[16]        ; 2.5 V        ; 0 s                 ; 0 s                 ; 2.32 V                       ; 4.49e-09 V                   ; 2.33 V              ; -0.00467 V          ; 0.226 V                              ; 0.087 V                              ; 2.91e-09 s                  ; 2.74e-09 s                  ; Yes                        ; Yes                        ; 2.32 V                      ; 4.49e-09 V                  ; 2.33 V             ; -0.00467 V         ; 0.226 V                             ; 0.087 V                             ; 2.91e-09 s                 ; 2.74e-09 s                 ; Yes                       ; Yes                       ;
; PC[17]        ; 2.5 V        ; 0 s                 ; 0 s                 ; 2.32 V                       ; 4.49e-09 V                   ; 2.38 V              ; -0.00552 V          ; 0.096 V                              ; 0.019 V                              ; 4.18e-10 s                  ; 3.59e-10 s                  ; No                         ; Yes                        ; 2.32 V                      ; 4.49e-09 V                  ; 2.38 V             ; -0.00552 V         ; 0.096 V                             ; 0.019 V                             ; 4.18e-10 s                 ; 3.59e-10 s                 ; No                        ; Yes                       ;
; PC[18]        ; 2.5 V        ; 0 s                 ; 0 s                 ; 2.32 V                       ; 3.07e-09 V                   ; 2.37 V              ; -0.00994 V          ; 0.186 V                              ; 0.028 V                              ; 4.98e-10 s                  ; 4.96e-10 s                  ; Yes                        ; Yes                        ; 2.32 V                      ; 3.07e-09 V                  ; 2.37 V             ; -0.00994 V         ; 0.186 V                             ; 0.028 V                             ; 4.98e-10 s                 ; 4.96e-10 s                 ; Yes                       ; Yes                       ;
; PC[19]        ; 2.5 V        ; 0 s                 ; 0 s                 ; 2.32 V                       ; 4.49e-09 V                   ; 2.38 V              ; -0.00552 V          ; 0.096 V                              ; 0.019 V                              ; 4.18e-10 s                  ; 3.59e-10 s                  ; No                         ; Yes                        ; 2.32 V                      ; 4.49e-09 V                  ; 2.38 V             ; -0.00552 V         ; 0.096 V                             ; 0.019 V                             ; 4.18e-10 s                 ; 3.59e-10 s                 ; No                        ; Yes                       ;
; PC[20]        ; 2.5 V        ; 0 s                 ; 0 s                 ; 2.32 V                       ; 4.49e-09 V                   ; 2.38 V              ; -0.00552 V          ; 0.096 V                              ; 0.019 V                              ; 4.18e-10 s                  ; 3.59e-10 s                  ; No                         ; Yes                        ; 2.32 V                      ; 4.49e-09 V                  ; 2.38 V             ; -0.00552 V         ; 0.096 V                             ; 0.019 V                             ; 4.18e-10 s                 ; 3.59e-10 s                 ; No                        ; Yes                       ;
; PC[21]        ; 2.5 V        ; 0 s                 ; 0 s                 ; 2.32 V                       ; 4.49e-09 V                   ; 2.38 V              ; -0.00552 V          ; 0.096 V                              ; 0.019 V                              ; 4.18e-10 s                  ; 3.59e-10 s                  ; No                         ; Yes                        ; 2.32 V                      ; 4.49e-09 V                  ; 2.38 V             ; -0.00552 V         ; 0.096 V                             ; 0.019 V                             ; 4.18e-10 s                 ; 3.59e-10 s                 ; No                        ; Yes                       ;
; PC[22]        ; 2.5 V        ; 0 s                 ; 0 s                 ; 2.32 V                       ; 4.49e-09 V                   ; 2.38 V              ; -0.00552 V          ; 0.096 V                              ; 0.019 V                              ; 4.18e-10 s                  ; 3.59e-10 s                  ; No                         ; Yes                        ; 2.32 V                      ; 4.49e-09 V                  ; 2.38 V             ; -0.00552 V         ; 0.096 V                             ; 0.019 V                             ; 4.18e-10 s                 ; 3.59e-10 s                 ; No                        ; Yes                       ;
; PC[23]        ; 2.5 V        ; 0 s                 ; 0 s                 ; 2.32 V                       ; 4.49e-09 V                   ; 2.38 V              ; -0.00552 V          ; 0.096 V                              ; 0.019 V                              ; 4.18e-10 s                  ; 3.59e-10 s                  ; No                         ; Yes                        ; 2.32 V                      ; 4.49e-09 V                  ; 2.38 V             ; -0.00552 V         ; 0.096 V                             ; 0.019 V                             ; 4.18e-10 s                 ; 3.59e-10 s                 ; No                        ; Yes                       ;
; PC[24]        ; 2.5 V        ; 0 s                 ; 0 s                 ; 2.32 V                       ; 4.49e-09 V                   ; 2.38 V              ; -0.00552 V          ; 0.096 V                              ; 0.019 V                              ; 4.18e-10 s                  ; 3.59e-10 s                  ; No                         ; Yes                        ; 2.32 V                      ; 4.49e-09 V                  ; 2.38 V             ; -0.00552 V         ; 0.096 V                             ; 0.019 V                             ; 4.18e-10 s                 ; 3.59e-10 s                 ; No                        ; Yes                       ;
; PC[25]        ; 2.5 V        ; 0 s                 ; 0 s                 ; 2.32 V                       ; 4.49e-09 V                   ; 2.38 V              ; -0.00552 V          ; 0.096 V                              ; 0.019 V                              ; 4.18e-10 s                  ; 3.59e-10 s                  ; No                         ; Yes                        ; 2.32 V                      ; 4.49e-09 V                  ; 2.38 V             ; -0.00552 V         ; 0.096 V                             ; 0.019 V                             ; 4.18e-10 s                 ; 3.59e-10 s                 ; No                        ; Yes                       ;
; PC[26]        ; 2.5 V        ; 0 s                 ; 0 s                 ; 2.32 V                       ; 4.49e-09 V                   ; 2.38 V              ; -0.00552 V          ; 0.096 V                              ; 0.019 V                              ; 4.18e-10 s                  ; 3.59e-10 s                  ; No                         ; Yes                        ; 2.32 V                      ; 4.49e-09 V                  ; 2.38 V             ; -0.00552 V         ; 0.096 V                             ; 0.019 V                             ; 4.18e-10 s                 ; 3.59e-10 s                 ; No                        ; Yes                       ;
; PC[27]        ; 2.5 V        ; 0 s                 ; 0 s                 ; 2.32 V                       ; 4.49e-09 V                   ; 2.38 V              ; -0.00552 V          ; 0.096 V                              ; 0.019 V                              ; 4.18e-10 s                  ; 3.59e-10 s                  ; No                         ; Yes                        ; 2.32 V                      ; 4.49e-09 V                  ; 2.38 V             ; -0.00552 V         ; 0.096 V                             ; 0.019 V                             ; 4.18e-10 s                 ; 3.59e-10 s                 ; No                        ; Yes                       ;
; PC[28]        ; 2.5 V        ; 0 s                 ; 0 s                 ; 2.32 V                       ; 4.49e-09 V                   ; 2.38 V              ; -0.00552 V          ; 0.096 V                              ; 0.019 V                              ; 4.18e-10 s                  ; 3.59e-10 s                  ; No                         ; Yes                        ; 2.32 V                      ; 4.49e-09 V                  ; 2.38 V             ; -0.00552 V         ; 0.096 V                             ; 0.019 V                             ; 4.18e-10 s                 ; 3.59e-10 s                 ; No                        ; Yes                       ;
; PC[29]        ; 2.5 V        ; 0 s                 ; 0 s                 ; 2.32 V                       ; 4.49e-09 V                   ; 2.38 V              ; -0.00552 V          ; 0.096 V                              ; 0.019 V                              ; 4.18e-10 s                  ; 3.59e-10 s                  ; No                         ; Yes                        ; 2.32 V                      ; 4.49e-09 V                  ; 2.38 V             ; -0.00552 V         ; 0.096 V                             ; 0.019 V                             ; 4.18e-10 s                 ; 3.59e-10 s                 ; No                        ; Yes                       ;
; PC[30]        ; 2.5 V        ; 0 s                 ; 0 s                 ; 2.32 V                       ; 4.49e-09 V                   ; 2.38 V              ; -0.00552 V          ; 0.096 V                              ; 0.019 V                              ; 4.18e-10 s                  ; 3.59e-10 s                  ; No                         ; Yes                        ; 2.32 V                      ; 4.49e-09 V                  ; 2.38 V             ; -0.00552 V         ; 0.096 V                             ; 0.019 V                             ; 4.18e-10 s                 ; 3.59e-10 s                 ; No                        ; Yes                       ;
; PC[31]        ; 2.5 V        ; 0 s                 ; 0 s                 ; 2.32 V                       ; 4.49e-09 V                   ; 2.38 V              ; -0.00552 V          ; 0.096 V                              ; 0.019 V                              ; 4.18e-10 s                  ; 3.59e-10 s                  ; No                         ; Yes                        ; 2.32 V                      ; 4.49e-09 V                  ; 2.38 V             ; -0.00552 V         ; 0.096 V                             ; 0.019 V                             ; 4.18e-10 s                 ; 3.59e-10 s                 ; No                        ; Yes                       ;
; LEDR[0]       ; 2.5 V        ; 0 s                 ; 0 s                 ; 2.32 V                       ; 4.49e-09 V                   ; 2.38 V              ; -0.00552 V          ; 0.096 V                              ; 0.019 V                              ; 4.18e-10 s                  ; 3.59e-10 s                  ; No                         ; Yes                        ; 2.32 V                      ; 4.49e-09 V                  ; 2.38 V             ; -0.00552 V         ; 0.096 V                             ; 0.019 V                             ; 4.18e-10 s                 ; 3.59e-10 s                 ; No                        ; Yes                       ;
; LEDR[1]       ; 2.5 V        ; 0 s                 ; 0 s                 ; 2.32 V                       ; 4.49e-09 V                   ; 2.38 V              ; -0.00552 V          ; 0.096 V                              ; 0.019 V                              ; 4.18e-10 s                  ; 3.59e-10 s                  ; No                         ; Yes                        ; 2.32 V                      ; 4.49e-09 V                  ; 2.38 V             ; -0.00552 V         ; 0.096 V                             ; 0.019 V                             ; 4.18e-10 s                 ; 3.59e-10 s                 ; No                        ; Yes                       ;
; LEDR[2]       ; 2.5 V        ; 0 s                 ; 0 s                 ; 2.32 V                       ; 4.49e-09 V                   ; 2.38 V              ; -0.00552 V          ; 0.096 V                              ; 0.019 V                              ; 4.18e-10 s                  ; 3.59e-10 s                  ; No                         ; Yes                        ; 2.32 V                      ; 4.49e-09 V                  ; 2.38 V             ; -0.00552 V         ; 0.096 V                             ; 0.019 V                             ; 4.18e-10 s                 ; 3.59e-10 s                 ; No                        ; Yes                       ;
; LEDR[3]       ; 2.5 V        ; 0 s                 ; 0 s                 ; 2.32 V                       ; 4.49e-09 V                   ; 2.38 V              ; -0.00552 V          ; 0.096 V                              ; 0.019 V                              ; 4.18e-10 s                  ; 3.59e-10 s                  ; No                         ; Yes                        ; 2.32 V                      ; 4.49e-09 V                  ; 2.38 V             ; -0.00552 V         ; 0.096 V                             ; 0.019 V                             ; 4.18e-10 s                 ; 3.59e-10 s                 ; No                        ; Yes                       ;
; LEDR[4]       ; 2.5 V        ; 0 s                 ; 0 s                 ; 2.32 V                       ; 4.49e-09 V                   ; 2.38 V              ; -0.00552 V          ; 0.096 V                              ; 0.019 V                              ; 4.18e-10 s                  ; 3.59e-10 s                  ; No                         ; Yes                        ; 2.32 V                      ; 4.49e-09 V                  ; 2.38 V             ; -0.00552 V         ; 0.096 V                             ; 0.019 V                             ; 4.18e-10 s                 ; 3.59e-10 s                 ; No                        ; Yes                       ;
; LEDR[5]       ; 2.5 V        ; 0 s                 ; 0 s                 ; 2.32 V                       ; 4.49e-09 V                   ; 2.38 V              ; -0.00552 V          ; 0.096 V                              ; 0.019 V                              ; 4.18e-10 s                  ; 3.59e-10 s                  ; No                         ; Yes                        ; 2.32 V                      ; 4.49e-09 V                  ; 2.38 V             ; -0.00552 V         ; 0.096 V                             ; 0.019 V                             ; 4.18e-10 s                 ; 3.59e-10 s                 ; No                        ; Yes                       ;
; LEDR[6]       ; 2.5 V        ; 0 s                 ; 0 s                 ; 2.32 V                       ; 4.49e-09 V                   ; 2.38 V              ; -0.00552 V          ; 0.096 V                              ; 0.019 V                              ; 4.18e-10 s                  ; 3.59e-10 s                  ; No                         ; Yes                        ; 2.32 V                      ; 4.49e-09 V                  ; 2.38 V             ; -0.00552 V         ; 0.096 V                             ; 0.019 V                             ; 4.18e-10 s                 ; 3.59e-10 s                 ; No                        ; Yes                       ;
; LEDR[7]       ; 2.5 V        ; 0 s                 ; 0 s                 ; 2.32 V                       ; 4.49e-09 V                   ; 2.38 V              ; -0.00552 V          ; 0.096 V                              ; 0.019 V                              ; 4.18e-10 s                  ; 3.59e-10 s                  ; No                         ; Yes                        ; 2.32 V                      ; 4.49e-09 V                  ; 2.38 V             ; -0.00552 V         ; 0.096 V                             ; 0.019 V                             ; 4.18e-10 s                 ; 3.59e-10 s                 ; No                        ; Yes                       ;
; LEDR[8]       ; 2.5 V        ; 0 s                 ; 0 s                 ; 2.32 V                       ; 4.49e-09 V                   ; 2.38 V              ; -0.00552 V          ; 0.096 V                              ; 0.019 V                              ; 4.18e-10 s                  ; 3.59e-10 s                  ; No                         ; Yes                        ; 2.32 V                      ; 4.49e-09 V                  ; 2.38 V             ; -0.00552 V         ; 0.096 V                             ; 0.019 V                             ; 4.18e-10 s                 ; 3.59e-10 s                 ; No                        ; Yes                       ;
; LEDR[9]       ; 2.5 V        ; 0 s                 ; 0 s                 ; 2.32 V                       ; 4.49e-09 V                   ; 2.33 V              ; -0.00467 V          ; 0.226 V                              ; 0.087 V                              ; 2.91e-09 s                  ; 2.74e-09 s                  ; Yes                        ; Yes                        ; 2.32 V                      ; 4.49e-09 V                  ; 2.33 V             ; -0.00467 V         ; 0.226 V                             ; 0.087 V                             ; 2.91e-09 s                 ; 2.74e-09 s                 ; Yes                       ; Yes                       ;
; LEDR[10]      ; 2.5 V        ; 0 s                 ; 0 s                 ; 2.32 V                       ; 4.49e-09 V                   ; 2.38 V              ; -0.00552 V          ; 0.096 V                              ; 0.019 V                              ; 4.18e-10 s                  ; 3.59e-10 s                  ; No                         ; Yes                        ; 2.32 V                      ; 4.49e-09 V                  ; 2.38 V             ; -0.00552 V         ; 0.096 V                             ; 0.019 V                             ; 4.18e-10 s                 ; 3.59e-10 s                 ; No                        ; Yes                       ;
; LEDR[11]      ; 2.5 V        ; 0 s                 ; 0 s                 ; 2.32 V                       ; 4.49e-09 V                   ; 2.38 V              ; -0.00552 V          ; 0.096 V                              ; 0.019 V                              ; 4.18e-10 s                  ; 3.59e-10 s                  ; No                         ; Yes                        ; 2.32 V                      ; 4.49e-09 V                  ; 2.38 V             ; -0.00552 V         ; 0.096 V                             ; 0.019 V                             ; 4.18e-10 s                 ; 3.59e-10 s                 ; No                        ; Yes                       ;
; LEDR[12]      ; 2.5 V        ; 0 s                 ; 0 s                 ; 2.32 V                       ; 4.49e-09 V                   ; 2.38 V              ; -0.00552 V          ; 0.096 V                              ; 0.019 V                              ; 4.18e-10 s                  ; 3.59e-10 s                  ; No                         ; Yes                        ; 2.32 V                      ; 4.49e-09 V                  ; 2.38 V             ; -0.00552 V         ; 0.096 V                             ; 0.019 V                             ; 4.18e-10 s                 ; 3.59e-10 s                 ; No                        ; Yes                       ;
; LEDR[13]      ; 2.5 V        ; 0 s                 ; 0 s                 ; 2.32 V                       ; 4.49e-09 V                   ; 2.38 V              ; -0.00552 V          ; 0.096 V                              ; 0.019 V                              ; 4.18e-10 s                  ; 3.59e-10 s                  ; No                         ; Yes                        ; 2.32 V                      ; 4.49e-09 V                  ; 2.38 V             ; -0.00552 V         ; 0.096 V                             ; 0.019 V                             ; 4.18e-10 s                 ; 3.59e-10 s                 ; No                        ; Yes                       ;
; LEDR[14]      ; 2.5 V        ; 0 s                 ; 0 s                 ; 2.32 V                       ; 4.49e-09 V                   ; 2.38 V              ; -0.00552 V          ; 0.096 V                              ; 0.019 V                              ; 4.18e-10 s                  ; 3.59e-10 s                  ; No                         ; Yes                        ; 2.32 V                      ; 4.49e-09 V                  ; 2.38 V             ; -0.00552 V         ; 0.096 V                             ; 0.019 V                             ; 4.18e-10 s                 ; 3.59e-10 s                 ; No                        ; Yes                       ;
; LEDR[15]      ; 2.5 V        ; 0 s                 ; 0 s                 ; 2.32 V                       ; 4.49e-09 V                   ; 2.38 V              ; -0.00552 V          ; 0.096 V                              ; 0.019 V                              ; 4.18e-10 s                  ; 3.59e-10 s                  ; No                         ; Yes                        ; 2.32 V                      ; 4.49e-09 V                  ; 2.38 V             ; -0.00552 V         ; 0.096 V                             ; 0.019 V                             ; 4.18e-10 s                 ; 3.59e-10 s                 ; No                        ; Yes                       ;
; LEDR[16]      ; 2.5 V        ; 0 s                 ; 0 s                 ; 2.32 V                       ; 4.49e-09 V                   ; 2.38 V              ; -0.00552 V          ; 0.096 V                              ; 0.019 V                              ; 4.18e-10 s                  ; 3.59e-10 s                  ; No                         ; Yes                        ; 2.32 V                      ; 4.49e-09 V                  ; 2.38 V             ; -0.00552 V         ; 0.096 V                             ; 0.019 V                             ; 4.18e-10 s                 ; 3.59e-10 s                 ; No                        ; Yes                       ;
; LEDR[17]      ; 2.5 V        ; 0 s                 ; 0 s                 ; 2.32 V                       ; 4.49e-09 V                   ; 2.38 V              ; -0.00552 V          ; 0.096 V                              ; 0.019 V                              ; 4.18e-10 s                  ; 3.59e-10 s                  ; No                         ; Yes                        ; 2.32 V                      ; 4.49e-09 V                  ; 2.38 V             ; -0.00552 V         ; 0.096 V                             ; 0.019 V                             ; 4.18e-10 s                 ; 3.59e-10 s                 ; No                        ; Yes                       ;
; LEDG[0]       ; 2.5 V        ; 0 s                 ; 0 s                 ; 2.32 V                       ; 4.49e-09 V                   ; 2.38 V              ; -0.00552 V          ; 0.096 V                              ; 0.019 V                              ; 4.18e-10 s                  ; 3.59e-10 s                  ; No                         ; Yes                        ; 2.32 V                      ; 4.49e-09 V                  ; 2.38 V             ; -0.00552 V         ; 0.096 V                             ; 0.019 V                             ; 4.18e-10 s                 ; 3.59e-10 s                 ; No                        ; Yes                       ;
; LEDG[1]       ; 2.5 V        ; 0 s                 ; 0 s                 ; 2.32 V                       ; 4.49e-09 V                   ; 2.38 V              ; -0.00552 V          ; 0.096 V                              ; 0.019 V                              ; 4.18e-10 s                  ; 3.59e-10 s                  ; No                         ; Yes                        ; 2.32 V                      ; 4.49e-09 V                  ; 2.38 V             ; -0.00552 V         ; 0.096 V                             ; 0.019 V                             ; 4.18e-10 s                 ; 3.59e-10 s                 ; No                        ; Yes                       ;
; LEDG[2]       ; 2.5 V        ; 0 s                 ; 0 s                 ; 2.32 V                       ; 4.49e-09 V                   ; 2.38 V              ; -0.00552 V          ; 0.096 V                              ; 0.019 V                              ; 4.18e-10 s                  ; 3.59e-10 s                  ; No                         ; Yes                        ; 2.32 V                      ; 4.49e-09 V                  ; 2.38 V             ; -0.00552 V         ; 0.096 V                             ; 0.019 V                             ; 4.18e-10 s                 ; 3.59e-10 s                 ; No                        ; Yes                       ;
; LEDG[3]       ; 2.5 V        ; 0 s                 ; 0 s                 ; 2.32 V                       ; 4.49e-09 V                   ; 2.38 V              ; -0.00552 V          ; 0.096 V                              ; 0.019 V                              ; 4.18e-10 s                  ; 3.59e-10 s                  ; No                         ; Yes                        ; 2.32 V                      ; 4.49e-09 V                  ; 2.38 V             ; -0.00552 V         ; 0.096 V                             ; 0.019 V                             ; 4.18e-10 s                 ; 3.59e-10 s                 ; No                        ; Yes                       ;
; LEDG[4]       ; 2.5 V        ; 0 s                 ; 0 s                 ; 2.32 V                       ; 4.49e-09 V                   ; 2.38 V              ; -0.00552 V          ; 0.096 V                              ; 0.019 V                              ; 4.18e-10 s                  ; 3.59e-10 s                  ; No                         ; Yes                        ; 2.32 V                      ; 4.49e-09 V                  ; 2.38 V             ; -0.00552 V         ; 0.096 V                             ; 0.019 V                             ; 4.18e-10 s                 ; 3.59e-10 s                 ; No                        ; Yes                       ;
; LEDG[5]       ; 2.5 V        ; 0 s                 ; 0 s                 ; 2.32 V                       ; 4.49e-09 V                   ; 2.38 V              ; -0.00552 V          ; 0.096 V                              ; 0.019 V                              ; 4.18e-10 s                  ; 3.59e-10 s                  ; No                         ; Yes                        ; 2.32 V                      ; 4.49e-09 V                  ; 2.38 V             ; -0.00552 V         ; 0.096 V                             ; 0.019 V                             ; 4.18e-10 s                 ; 3.59e-10 s                 ; No                        ; Yes                       ;
; LEDG[6]       ; 2.5 V        ; 0 s                 ; 0 s                 ; 2.32 V                       ; 4.49e-09 V                   ; 2.38 V              ; -0.00552 V          ; 0.096 V                              ; 0.019 V                              ; 4.18e-10 s                  ; 3.59e-10 s                  ; No                         ; Yes                        ; 2.32 V                      ; 4.49e-09 V                  ; 2.38 V             ; -0.00552 V         ; 0.096 V                             ; 0.019 V                             ; 4.18e-10 s                 ; 3.59e-10 s                 ; No                        ; Yes                       ;
; LEDG[7]       ; 2.5 V        ; 0 s                 ; 0 s                 ; 2.32 V                       ; 4.49e-09 V                   ; 2.38 V              ; -0.00552 V          ; 0.096 V                              ; 0.019 V                              ; 4.18e-10 s                  ; 3.59e-10 s                  ; No                         ; Yes                        ; 2.32 V                      ; 4.49e-09 V                  ; 2.38 V             ; -0.00552 V         ; 0.096 V                             ; 0.019 V                             ; 4.18e-10 s                 ; 3.59e-10 s                 ; No                        ; Yes                       ;
; LEDG[8]       ; 2.5 V        ; 0 s                 ; 0 s                 ; 2.32 V                       ; 4.49e-09 V                   ; 2.38 V              ; -0.00552 V          ; 0.096 V                              ; 0.019 V                              ; 4.18e-10 s                  ; 3.59e-10 s                  ; No                         ; Yes                        ; 2.32 V                      ; 4.49e-09 V                  ; 2.38 V             ; -0.00552 V         ; 0.096 V                             ; 0.019 V                             ; 4.18e-10 s                 ; 3.59e-10 s                 ; No                        ; Yes                       ;
; ~ALTERA_DCLK~ ; 2.5 V        ; 0 s                 ; 0 s                 ; 2.32 V                       ; 2.67e-09 V                   ; 2.38 V              ; -0.0485 V           ; 0.167 V                              ; 0.096 V                              ; 2.95e-10 s                  ; 2.73e-10 s                  ; Yes                        ; Yes                        ; 2.32 V                      ; 2.67e-09 V                  ; 2.38 V             ; -0.0485 V          ; 0.167 V                             ; 0.096 V                             ; 2.95e-10 s                 ; 2.73e-10 s                 ; Yes                       ; Yes                       ;
; ~ALTERA_nCEO~ ; 2.5 V        ; 0 s                 ; 0 s                 ; 2.32 V                       ; 4.18e-09 V                   ; 2.38 V              ; -0.00483 V          ; 0.152 V                              ; 0.012 V                              ; 4.81e-10 s                  ; 6.29e-10 s                  ; Yes                        ; Yes                        ; 2.32 V                      ; 4.18e-09 V                  ; 2.38 V             ; -0.00483 V         ; 0.152 V                             ; 0.012 V                             ; 4.81e-10 s                 ; 6.29e-10 s                 ; Yes                       ; Yes                       ;
+---------------+--------------+---------------------+---------------------+------------------------------+------------------------------+---------------------+---------------------+--------------------------------------+--------------------------------------+-----------------------------+-----------------------------+----------------------------+----------------------------+-----------------------------+-----------------------------+--------------------+--------------------+-------------------------------------+-------------------------------------+----------------------------+----------------------------+---------------------------+---------------------------+


+--------------------------------------------------------------------------------------------------------------------------------------------------------------------------------------------------------------------------------------------------------------------------------------------------------------------------------------------------------------------------------------------------------------------------------------------------------------------------------------------------------------------------------------------------------------------------------------------------------------------------------------------------------------------------------------------+
; Signal Integrity Metrics (Slow 1200mv 85c Model)                                                                                                                                                                                                                                                                                                                                                                                                                                                                                                                                                                                                                                           ;
+---------------+--------------+---------------------+---------------------+------------------------------+------------------------------+---------------------+---------------------+--------------------------------------+--------------------------------------+-----------------------------+-----------------------------+----------------------------+----------------------------+-----------------------------+-----------------------------+--------------------+--------------------+-------------------------------------+-------------------------------------+----------------------------+----------------------------+---------------------------+---------------------------+
; Pin           ; I/O Standard ; Board Delay on Rise ; Board Delay on Fall ; Steady State Voh at FPGA Pin ; Steady State Vol at FPGA Pin ; Voh Max at FPGA Pin ; Vol Min at FPGA Pin ; Ringback Voltage on Rise at FPGA Pin ; Ringback Voltage on Fall at FPGA Pin ; 10-90 Rise Time at FPGA Pin ; 90-10 Fall Time at FPGA Pin ; Monotonic Rise at FPGA Pin ; Monotonic Fall at FPGA Pin ; Steady State Voh at Far-end ; Steady State Vol at Far-end ; Voh Max at Far-end ; Vol Min at Far-end ; Ringback Voltage on Rise at Far-end ; Ringback Voltage on Fall at Far-end ; 10-90 Rise Time at Far-end ; 90-10 Fall Time at Far-end ; Monotonic Rise at Far-end ; Monotonic Fall at Far-end ;
+---------------+--------------+---------------------+---------------------+------------------------------+------------------------------+---------------------+---------------------+--------------------------------------+--------------------------------------+-----------------------------+-----------------------------+----------------------------+----------------------------+-----------------------------+-----------------------------+--------------------+--------------------+-------------------------------------+-------------------------------------+----------------------------+----------------------------+---------------------------+---------------------------+
; PC[0]         ; 2.5 V        ; 0 s                 ; 0 s                 ; 2.32 V                       ; 6.92e-07 V                   ; 2.35 V              ; -0.00996 V          ; 0.121 V                              ; 0.03 V                               ; 4.64e-10 s                  ; 4.47e-10 s                  ; Yes                        ; Yes                        ; 2.32 V                      ; 6.92e-07 V                  ; 2.35 V             ; -0.00996 V         ; 0.121 V                             ; 0.03 V                              ; 4.64e-10 s                 ; 4.47e-10 s                 ; Yes                       ; Yes                       ;
; PC[1]         ; 2.5 V        ; 0 s                 ; 0 s                 ; 2.32 V                       ; 6.92e-07 V                   ; 2.35 V              ; -0.00996 V          ; 0.121 V                              ; 0.03 V                               ; 4.64e-10 s                  ; 4.47e-10 s                  ; Yes                        ; Yes                        ; 2.32 V                      ; 6.92e-07 V                  ; 2.35 V             ; -0.00996 V         ; 0.121 V                             ; 0.03 V                              ; 4.64e-10 s                 ; 4.47e-10 s                 ; Yes                       ; Yes                       ;
; PC[2]         ; 2.5 V        ; 0 s                 ; 0 s                 ; 2.32 V                       ; 6.92e-07 V                   ; 2.35 V              ; -0.00996 V          ; 0.121 V                              ; 0.03 V                               ; 4.64e-10 s                  ; 4.47e-10 s                  ; Yes                        ; Yes                        ; 2.32 V                      ; 6.92e-07 V                  ; 2.35 V             ; -0.00996 V         ; 0.121 V                             ; 0.03 V                              ; 4.64e-10 s                 ; 4.47e-10 s                 ; Yes                       ; Yes                       ;
; PC[3]         ; 2.5 V        ; 0 s                 ; 0 s                 ; 2.32 V                       ; 6.92e-07 V                   ; 2.35 V              ; -0.00996 V          ; 0.121 V                              ; 0.03 V                               ; 4.64e-10 s                  ; 4.47e-10 s                  ; Yes                        ; Yes                        ; 2.32 V                      ; 6.92e-07 V                  ; 2.35 V             ; -0.00996 V         ; 0.121 V                             ; 0.03 V                              ; 4.64e-10 s                 ; 4.47e-10 s                 ; Yes                       ; Yes                       ;
; PC[4]         ; 2.5 V        ; 0 s                 ; 0 s                 ; 2.32 V                       ; 6.92e-07 V                   ; 2.35 V              ; -0.00996 V          ; 0.121 V                              ; 0.03 V                               ; 4.64e-10 s                  ; 4.47e-10 s                  ; Yes                        ; Yes                        ; 2.32 V                      ; 6.92e-07 V                  ; 2.35 V             ; -0.00996 V         ; 0.121 V                             ; 0.03 V                              ; 4.64e-10 s                 ; 4.47e-10 s                 ; Yes                       ; Yes                       ;
; PC[5]         ; 2.5 V        ; 0 s                 ; 0 s                 ; 2.32 V                       ; 6.92e-07 V                   ; 2.35 V              ; -0.00996 V          ; 0.121 V                              ; 0.03 V                               ; 4.64e-10 s                  ; 4.47e-10 s                  ; Yes                        ; Yes                        ; 2.32 V                      ; 6.92e-07 V                  ; 2.35 V             ; -0.00996 V         ; 0.121 V                             ; 0.03 V                              ; 4.64e-10 s                 ; 4.47e-10 s                 ; Yes                       ; Yes                       ;
; PC[6]         ; 2.5 V        ; 0 s                 ; 0 s                 ; 2.32 V                       ; 6.92e-07 V                   ; 2.35 V              ; -0.00996 V          ; 0.121 V                              ; 0.03 V                               ; 4.64e-10 s                  ; 4.47e-10 s                  ; Yes                        ; Yes                        ; 2.32 V                      ; 6.92e-07 V                  ; 2.35 V             ; -0.00996 V         ; 0.121 V                             ; 0.03 V                              ; 4.64e-10 s                 ; 4.47e-10 s                 ; Yes                       ; Yes                       ;
; PC[7]         ; 2.5 V        ; 0 s                 ; 0 s                 ; 2.32 V                       ; 6.92e-07 V                   ; 2.35 V              ; -0.00996 V          ; 0.121 V                              ; 0.03 V                               ; 4.64e-10 s                  ; 4.47e-10 s                  ; Yes                        ; Yes                        ; 2.32 V                      ; 6.92e-07 V                  ; 2.35 V             ; -0.00996 V         ; 0.121 V                             ; 0.03 V                              ; 4.64e-10 s                 ; 4.47e-10 s                 ; Yes                       ; Yes                       ;
; PC[8]         ; 2.5 V        ; 0 s                 ; 0 s                 ; 2.32 V                       ; 6.92e-07 V                   ; 2.35 V              ; -0.00996 V          ; 0.121 V                              ; 0.03 V                               ; 4.64e-10 s                  ; 4.47e-10 s                  ; Yes                        ; Yes                        ; 2.32 V                      ; 6.92e-07 V                  ; 2.35 V             ; -0.00996 V         ; 0.121 V                             ; 0.03 V                              ; 4.64e-10 s                 ; 4.47e-10 s                 ; Yes                       ; Yes                       ;
; PC[9]         ; 2.5 V        ; 0 s                 ; 0 s                 ; 2.32 V                       ; 6.92e-07 V                   ; 2.35 V              ; -0.00996 V          ; 0.121 V                              ; 0.03 V                               ; 4.64e-10 s                  ; 4.47e-10 s                  ; Yes                        ; Yes                        ; 2.32 V                      ; 6.92e-07 V                  ; 2.35 V             ; -0.00996 V         ; 0.121 V                             ; 0.03 V                              ; 4.64e-10 s                 ; 4.47e-10 s                 ; Yes                       ; Yes                       ;
; PC[10]        ; 2.5 V        ; 0 s                 ; 0 s                 ; 2.32 V                       ; 6.92e-07 V                   ; 2.35 V              ; -0.00996 V          ; 0.121 V                              ; 0.03 V                               ; 4.64e-10 s                  ; 4.47e-10 s                  ; Yes                        ; Yes                        ; 2.32 V                      ; 6.92e-07 V                  ; 2.35 V             ; -0.00996 V         ; 0.121 V                             ; 0.03 V                              ; 4.64e-10 s                 ; 4.47e-10 s                 ; Yes                       ; Yes                       ;
; PC[11]        ; 2.5 V        ; 0 s                 ; 0 s                 ; 2.32 V                       ; 6.92e-07 V                   ; 2.35 V              ; -0.00996 V          ; 0.121 V                              ; 0.03 V                               ; 4.64e-10 s                  ; 4.47e-10 s                  ; Yes                        ; Yes                        ; 2.32 V                      ; 6.92e-07 V                  ; 2.35 V             ; -0.00996 V         ; 0.121 V                             ; 0.03 V                              ; 4.64e-10 s                 ; 4.47e-10 s                 ; Yes                       ; Yes                       ;
; PC[12]        ; 2.5 V        ; 0 s                 ; 0 s                 ; 2.32 V                       ; 6.92e-07 V                   ; 2.35 V              ; -0.00996 V          ; 0.121 V                              ; 0.03 V                               ; 4.64e-10 s                  ; 4.47e-10 s                  ; Yes                        ; Yes                        ; 2.32 V                      ; 6.92e-07 V                  ; 2.35 V             ; -0.00996 V         ; 0.121 V                             ; 0.03 V                              ; 4.64e-10 s                 ; 4.47e-10 s                 ; Yes                       ; Yes                       ;
; PC[13]        ; 2.5 V        ; 0 s                 ; 0 s                 ; 2.32 V                       ; 6.92e-07 V                   ; 2.35 V              ; -0.00996 V          ; 0.121 V                              ; 0.03 V                               ; 4.64e-10 s                  ; 4.47e-10 s                  ; Yes                        ; Yes                        ; 2.32 V                      ; 6.92e-07 V                  ; 2.35 V             ; -0.00996 V         ; 0.121 V                             ; 0.03 V                              ; 4.64e-10 s                 ; 4.47e-10 s                 ; Yes                       ; Yes                       ;
; PC[14]        ; 2.5 V        ; 0 s                 ; 0 s                 ; 2.32 V                       ; 6.92e-07 V                   ; 2.35 V              ; -0.00996 V          ; 0.121 V                              ; 0.03 V                               ; 4.64e-10 s                  ; 4.47e-10 s                  ; Yes                        ; Yes                        ; 2.32 V                      ; 6.92e-07 V                  ; 2.35 V             ; -0.00996 V         ; 0.121 V                             ; 0.03 V                              ; 4.64e-10 s                 ; 4.47e-10 s                 ; Yes                       ; Yes                       ;
; PC[15]        ; 2.5 V        ; 0 s                 ; 0 s                 ; 2.32 V                       ; 6.92e-07 V                   ; 2.35 V              ; -0.00996 V          ; 0.121 V                              ; 0.03 V                               ; 4.64e-10 s                  ; 4.47e-10 s                  ; Yes                        ; Yes                        ; 2.32 V                      ; 6.92e-07 V                  ; 2.35 V             ; -0.00996 V         ; 0.121 V                             ; 0.03 V                              ; 4.64e-10 s                 ; 4.47e-10 s                 ; Yes                       ; Yes                       ;
; PC[16]        ; 2.5 V        ; 0 s                 ; 0 s                 ; 2.32 V                       ; 6.92e-07 V                   ; 2.33 V              ; -0.00265 V          ; 0.133 V                              ; 0.056 V                              ; 3.55e-09 s                  ; 3.31e-09 s                  ; Yes                        ; Yes                        ; 2.32 V                      ; 6.92e-07 V                  ; 2.33 V             ; -0.00265 V         ; 0.133 V                             ; 0.056 V                             ; 3.55e-09 s                 ; 3.31e-09 s                 ; Yes                       ; Yes                       ;
; PC[17]        ; 2.5 V        ; 0 s                 ; 0 s                 ; 2.32 V                       ; 6.92e-07 V                   ; 2.35 V              ; -0.00996 V          ; 0.121 V                              ; 0.03 V                               ; 4.64e-10 s                  ; 4.47e-10 s                  ; Yes                        ; Yes                        ; 2.32 V                      ; 6.92e-07 V                  ; 2.35 V             ; -0.00996 V         ; 0.121 V                             ; 0.03 V                              ; 4.64e-10 s                 ; 4.47e-10 s                 ; Yes                       ; Yes                       ;
; PC[18]        ; 2.5 V        ; 0 s                 ; 0 s                 ; 2.32 V                       ; 4.67e-07 V                   ; 2.35 V              ; -0.00942 V          ; 0.116 V                              ; 0.033 V                              ; 6.66e-10 s                  ; 6.27e-10 s                  ; Yes                        ; Yes                        ; 2.32 V                      ; 4.67e-07 V                  ; 2.35 V             ; -0.00942 V         ; 0.116 V                             ; 0.033 V                             ; 6.66e-10 s                 ; 6.27e-10 s                 ; Yes                       ; Yes                       ;
; PC[19]        ; 2.5 V        ; 0 s                 ; 0 s                 ; 2.32 V                       ; 6.92e-07 V                   ; 2.35 V              ; -0.00996 V          ; 0.121 V                              ; 0.03 V                               ; 4.64e-10 s                  ; 4.47e-10 s                  ; Yes                        ; Yes                        ; 2.32 V                      ; 6.92e-07 V                  ; 2.35 V             ; -0.00996 V         ; 0.121 V                             ; 0.03 V                              ; 4.64e-10 s                 ; 4.47e-10 s                 ; Yes                       ; Yes                       ;
; PC[20]        ; 2.5 V        ; 0 s                 ; 0 s                 ; 2.32 V                       ; 6.92e-07 V                   ; 2.35 V              ; -0.00996 V          ; 0.121 V                              ; 0.03 V                               ; 4.64e-10 s                  ; 4.47e-10 s                  ; Yes                        ; Yes                        ; 2.32 V                      ; 6.92e-07 V                  ; 2.35 V             ; -0.00996 V         ; 0.121 V                             ; 0.03 V                              ; 4.64e-10 s                 ; 4.47e-10 s                 ; Yes                       ; Yes                       ;
; PC[21]        ; 2.5 V        ; 0 s                 ; 0 s                 ; 2.32 V                       ; 6.92e-07 V                   ; 2.35 V              ; -0.00996 V          ; 0.121 V                              ; 0.03 V                               ; 4.64e-10 s                  ; 4.47e-10 s                  ; Yes                        ; Yes                        ; 2.32 V                      ; 6.92e-07 V                  ; 2.35 V             ; -0.00996 V         ; 0.121 V                             ; 0.03 V                              ; 4.64e-10 s                 ; 4.47e-10 s                 ; Yes                       ; Yes                       ;
; PC[22]        ; 2.5 V        ; 0 s                 ; 0 s                 ; 2.32 V                       ; 6.92e-07 V                   ; 2.35 V              ; -0.00996 V          ; 0.121 V                              ; 0.03 V                               ; 4.64e-10 s                  ; 4.47e-10 s                  ; Yes                        ; Yes                        ; 2.32 V                      ; 6.92e-07 V                  ; 2.35 V             ; -0.00996 V         ; 0.121 V                             ; 0.03 V                              ; 4.64e-10 s                 ; 4.47e-10 s                 ; Yes                       ; Yes                       ;
; PC[23]        ; 2.5 V        ; 0 s                 ; 0 s                 ; 2.32 V                       ; 6.92e-07 V                   ; 2.35 V              ; -0.00996 V          ; 0.121 V                              ; 0.03 V                               ; 4.64e-10 s                  ; 4.47e-10 s                  ; Yes                        ; Yes                        ; 2.32 V                      ; 6.92e-07 V                  ; 2.35 V             ; -0.00996 V         ; 0.121 V                             ; 0.03 V                              ; 4.64e-10 s                 ; 4.47e-10 s                 ; Yes                       ; Yes                       ;
; PC[24]        ; 2.5 V        ; 0 s                 ; 0 s                 ; 2.32 V                       ; 6.92e-07 V                   ; 2.35 V              ; -0.00996 V          ; 0.121 V                              ; 0.03 V                               ; 4.64e-10 s                  ; 4.47e-10 s                  ; Yes                        ; Yes                        ; 2.32 V                      ; 6.92e-07 V                  ; 2.35 V             ; -0.00996 V         ; 0.121 V                             ; 0.03 V                              ; 4.64e-10 s                 ; 4.47e-10 s                 ; Yes                       ; Yes                       ;
; PC[25]        ; 2.5 V        ; 0 s                 ; 0 s                 ; 2.32 V                       ; 6.92e-07 V                   ; 2.35 V              ; -0.00996 V          ; 0.121 V                              ; 0.03 V                               ; 4.64e-10 s                  ; 4.47e-10 s                  ; Yes                        ; Yes                        ; 2.32 V                      ; 6.92e-07 V                  ; 2.35 V             ; -0.00996 V         ; 0.121 V                             ; 0.03 V                              ; 4.64e-10 s                 ; 4.47e-10 s                 ; Yes                       ; Yes                       ;
; PC[26]        ; 2.5 V        ; 0 s                 ; 0 s                 ; 2.32 V                       ; 6.92e-07 V                   ; 2.35 V              ; -0.00996 V          ; 0.121 V                              ; 0.03 V                               ; 4.64e-10 s                  ; 4.47e-10 s                  ; Yes                        ; Yes                        ; 2.32 V                      ; 6.92e-07 V                  ; 2.35 V             ; -0.00996 V         ; 0.121 V                             ; 0.03 V                              ; 4.64e-10 s                 ; 4.47e-10 s                 ; Yes                       ; Yes                       ;
; PC[27]        ; 2.5 V        ; 0 s                 ; 0 s                 ; 2.32 V                       ; 6.92e-07 V                   ; 2.35 V              ; -0.00996 V          ; 0.121 V                              ; 0.03 V                               ; 4.64e-10 s                  ; 4.47e-10 s                  ; Yes                        ; Yes                        ; 2.32 V                      ; 6.92e-07 V                  ; 2.35 V             ; -0.00996 V         ; 0.121 V                             ; 0.03 V                              ; 4.64e-10 s                 ; 4.47e-10 s                 ; Yes                       ; Yes                       ;
; PC[28]        ; 2.5 V        ; 0 s                 ; 0 s                 ; 2.32 V                       ; 6.92e-07 V                   ; 2.35 V              ; -0.00996 V          ; 0.121 V                              ; 0.03 V                               ; 4.64e-10 s                  ; 4.47e-10 s                  ; Yes                        ; Yes                        ; 2.32 V                      ; 6.92e-07 V                  ; 2.35 V             ; -0.00996 V         ; 0.121 V                             ; 0.03 V                              ; 4.64e-10 s                 ; 4.47e-10 s                 ; Yes                       ; Yes                       ;
; PC[29]        ; 2.5 V        ; 0 s                 ; 0 s                 ; 2.32 V                       ; 6.92e-07 V                   ; 2.35 V              ; -0.00996 V          ; 0.121 V                              ; 0.03 V                               ; 4.64e-10 s                  ; 4.47e-10 s                  ; Yes                        ; Yes                        ; 2.32 V                      ; 6.92e-07 V                  ; 2.35 V             ; -0.00996 V         ; 0.121 V                             ; 0.03 V                              ; 4.64e-10 s                 ; 4.47e-10 s                 ; Yes                       ; Yes                       ;
; PC[30]        ; 2.5 V        ; 0 s                 ; 0 s                 ; 2.32 V                       ; 6.92e-07 V                   ; 2.35 V              ; -0.00996 V          ; 0.121 V                              ; 0.03 V                               ; 4.64e-10 s                  ; 4.47e-10 s                  ; Yes                        ; Yes                        ; 2.32 V                      ; 6.92e-07 V                  ; 2.35 V             ; -0.00996 V         ; 0.121 V                             ; 0.03 V                              ; 4.64e-10 s                 ; 4.47e-10 s                 ; Yes                       ; Yes                       ;
; PC[31]        ; 2.5 V        ; 0 s                 ; 0 s                 ; 2.32 V                       ; 6.92e-07 V                   ; 2.35 V              ; -0.00996 V          ; 0.121 V                              ; 0.03 V                               ; 4.64e-10 s                  ; 4.47e-10 s                  ; Yes                        ; Yes                        ; 2.32 V                      ; 6.92e-07 V                  ; 2.35 V             ; -0.00996 V         ; 0.121 V                             ; 0.03 V                              ; 4.64e-10 s                 ; 4.47e-10 s                 ; Yes                       ; Yes                       ;
; LEDR[0]       ; 2.5 V        ; 0 s                 ; 0 s                 ; 2.32 V                       ; 6.92e-07 V                   ; 2.35 V              ; -0.00996 V          ; 0.121 V                              ; 0.03 V                               ; 4.64e-10 s                  ; 4.47e-10 s                  ; Yes                        ; Yes                        ; 2.32 V                      ; 6.92e-07 V                  ; 2.35 V             ; -0.00996 V         ; 0.121 V                             ; 0.03 V                              ; 4.64e-10 s                 ; 4.47e-10 s                 ; Yes                       ; Yes                       ;
; LEDR[1]       ; 2.5 V        ; 0 s                 ; 0 s                 ; 2.32 V                       ; 6.92e-07 V                   ; 2.35 V              ; -0.00996 V          ; 0.121 V                              ; 0.03 V                               ; 4.64e-10 s                  ; 4.47e-10 s                  ; Yes                        ; Yes                        ; 2.32 V                      ; 6.92e-07 V                  ; 2.35 V             ; -0.00996 V         ; 0.121 V                             ; 0.03 V                              ; 4.64e-10 s                 ; 4.47e-10 s                 ; Yes                       ; Yes                       ;
; LEDR[2]       ; 2.5 V        ; 0 s                 ; 0 s                 ; 2.32 V                       ; 6.92e-07 V                   ; 2.35 V              ; -0.00996 V          ; 0.121 V                              ; 0.03 V                               ; 4.64e-10 s                  ; 4.47e-10 s                  ; Yes                        ; Yes                        ; 2.32 V                      ; 6.92e-07 V                  ; 2.35 V             ; -0.00996 V         ; 0.121 V                             ; 0.03 V                              ; 4.64e-10 s                 ; 4.47e-10 s                 ; Yes                       ; Yes                       ;
; LEDR[3]       ; 2.5 V        ; 0 s                 ; 0 s                 ; 2.32 V                       ; 6.92e-07 V                   ; 2.35 V              ; -0.00996 V          ; 0.121 V                              ; 0.03 V                               ; 4.64e-10 s                  ; 4.47e-10 s                  ; Yes                        ; Yes                        ; 2.32 V                      ; 6.92e-07 V                  ; 2.35 V             ; -0.00996 V         ; 0.121 V                             ; 0.03 V                              ; 4.64e-10 s                 ; 4.47e-10 s                 ; Yes                       ; Yes                       ;
; LEDR[4]       ; 2.5 V        ; 0 s                 ; 0 s                 ; 2.32 V                       ; 6.92e-07 V                   ; 2.35 V              ; -0.00996 V          ; 0.121 V                              ; 0.03 V                               ; 4.64e-10 s                  ; 4.47e-10 s                  ; Yes                        ; Yes                        ; 2.32 V                      ; 6.92e-07 V                  ; 2.35 V             ; -0.00996 V         ; 0.121 V                             ; 0.03 V                              ; 4.64e-10 s                 ; 4.47e-10 s                 ; Yes                       ; Yes                       ;
; LEDR[5]       ; 2.5 V        ; 0 s                 ; 0 s                 ; 2.32 V                       ; 6.92e-07 V                   ; 2.35 V              ; -0.00996 V          ; 0.121 V                              ; 0.03 V                               ; 4.64e-10 s                  ; 4.47e-10 s                  ; Yes                        ; Yes                        ; 2.32 V                      ; 6.92e-07 V                  ; 2.35 V             ; -0.00996 V         ; 0.121 V                             ; 0.03 V                              ; 4.64e-10 s                 ; 4.47e-10 s                 ; Yes                       ; Yes                       ;
; LEDR[6]       ; 2.5 V        ; 0 s                 ; 0 s                 ; 2.32 V                       ; 6.92e-07 V                   ; 2.35 V              ; -0.00996 V          ; 0.121 V                              ; 0.03 V                               ; 4.64e-10 s                  ; 4.47e-10 s                  ; Yes                        ; Yes                        ; 2.32 V                      ; 6.92e-07 V                  ; 2.35 V             ; -0.00996 V         ; 0.121 V                             ; 0.03 V                              ; 4.64e-10 s                 ; 4.47e-10 s                 ; Yes                       ; Yes                       ;
; LEDR[7]       ; 2.5 V        ; 0 s                 ; 0 s                 ; 2.32 V                       ; 6.92e-07 V                   ; 2.35 V              ; -0.00996 V          ; 0.121 V                              ; 0.03 V                               ; 4.64e-10 s                  ; 4.47e-10 s                  ; Yes                        ; Yes                        ; 2.32 V                      ; 6.92e-07 V                  ; 2.35 V             ; -0.00996 V         ; 0.121 V                             ; 0.03 V                              ; 4.64e-10 s                 ; 4.47e-10 s                 ; Yes                       ; Yes                       ;
; LEDR[8]       ; 2.5 V        ; 0 s                 ; 0 s                 ; 2.32 V                       ; 6.92e-07 V                   ; 2.35 V              ; -0.00996 V          ; 0.121 V                              ; 0.03 V                               ; 4.64e-10 s                  ; 4.47e-10 s                  ; Yes                        ; Yes                        ; 2.32 V                      ; 6.92e-07 V                  ; 2.35 V             ; -0.00996 V         ; 0.121 V                             ; 0.03 V                              ; 4.64e-10 s                 ; 4.47e-10 s                 ; Yes                       ; Yes                       ;
; LEDR[9]       ; 2.5 V        ; 0 s                 ; 0 s                 ; 2.32 V                       ; 6.92e-07 V                   ; 2.33 V              ; -0.00265 V          ; 0.133 V                              ; 0.056 V                              ; 3.55e-09 s                  ; 3.31e-09 s                  ; Yes                        ; Yes                        ; 2.32 V                      ; 6.92e-07 V                  ; 2.33 V             ; -0.00265 V         ; 0.133 V                             ; 0.056 V                             ; 3.55e-09 s                 ; 3.31e-09 s                 ; Yes                       ; Yes                       ;
; LEDR[10]      ; 2.5 V        ; 0 s                 ; 0 s                 ; 2.32 V                       ; 6.92e-07 V                   ; 2.35 V              ; -0.00996 V          ; 0.121 V                              ; 0.03 V                               ; 4.64e-10 s                  ; 4.47e-10 s                  ; Yes                        ; Yes                        ; 2.32 V                      ; 6.92e-07 V                  ; 2.35 V             ; -0.00996 V         ; 0.121 V                             ; 0.03 V                              ; 4.64e-10 s                 ; 4.47e-10 s                 ; Yes                       ; Yes                       ;
; LEDR[11]      ; 2.5 V        ; 0 s                 ; 0 s                 ; 2.32 V                       ; 6.92e-07 V                   ; 2.35 V              ; -0.00996 V          ; 0.121 V                              ; 0.03 V                               ; 4.64e-10 s                  ; 4.47e-10 s                  ; Yes                        ; Yes                        ; 2.32 V                      ; 6.92e-07 V                  ; 2.35 V             ; -0.00996 V         ; 0.121 V                             ; 0.03 V                              ; 4.64e-10 s                 ; 4.47e-10 s                 ; Yes                       ; Yes                       ;
; LEDR[12]      ; 2.5 V        ; 0 s                 ; 0 s                 ; 2.32 V                       ; 6.92e-07 V                   ; 2.35 V              ; -0.00996 V          ; 0.121 V                              ; 0.03 V                               ; 4.64e-10 s                  ; 4.47e-10 s                  ; Yes                        ; Yes                        ; 2.32 V                      ; 6.92e-07 V                  ; 2.35 V             ; -0.00996 V         ; 0.121 V                             ; 0.03 V                              ; 4.64e-10 s                 ; 4.47e-10 s                 ; Yes                       ; Yes                       ;
; LEDR[13]      ; 2.5 V        ; 0 s                 ; 0 s                 ; 2.32 V                       ; 6.92e-07 V                   ; 2.35 V              ; -0.00996 V          ; 0.121 V                              ; 0.03 V                               ; 4.64e-10 s                  ; 4.47e-10 s                  ; Yes                        ; Yes                        ; 2.32 V                      ; 6.92e-07 V                  ; 2.35 V             ; -0.00996 V         ; 0.121 V                             ; 0.03 V                              ; 4.64e-10 s                 ; 4.47e-10 s                 ; Yes                       ; Yes                       ;
; LEDR[14]      ; 2.5 V        ; 0 s                 ; 0 s                 ; 2.32 V                       ; 6.92e-07 V                   ; 2.35 V              ; -0.00996 V          ; 0.121 V                              ; 0.03 V                               ; 4.64e-10 s                  ; 4.47e-10 s                  ; Yes                        ; Yes                        ; 2.32 V                      ; 6.92e-07 V                  ; 2.35 V             ; -0.00996 V         ; 0.121 V                             ; 0.03 V                              ; 4.64e-10 s                 ; 4.47e-10 s                 ; Yes                       ; Yes                       ;
; LEDR[15]      ; 2.5 V        ; 0 s                 ; 0 s                 ; 2.32 V                       ; 6.92e-07 V                   ; 2.35 V              ; -0.00996 V          ; 0.121 V                              ; 0.03 V                               ; 4.64e-10 s                  ; 4.47e-10 s                  ; Yes                        ; Yes                        ; 2.32 V                      ; 6.92e-07 V                  ; 2.35 V             ; -0.00996 V         ; 0.121 V                             ; 0.03 V                              ; 4.64e-10 s                 ; 4.47e-10 s                 ; Yes                       ; Yes                       ;
; LEDR[16]      ; 2.5 V        ; 0 s                 ; 0 s                 ; 2.32 V                       ; 6.92e-07 V                   ; 2.35 V              ; -0.00996 V          ; 0.121 V                              ; 0.03 V                               ; 4.64e-10 s                  ; 4.47e-10 s                  ; Yes                        ; Yes                        ; 2.32 V                      ; 6.92e-07 V                  ; 2.35 V             ; -0.00996 V         ; 0.121 V                             ; 0.03 V                              ; 4.64e-10 s                 ; 4.47e-10 s                 ; Yes                       ; Yes                       ;
; LEDR[17]      ; 2.5 V        ; 0 s                 ; 0 s                 ; 2.32 V                       ; 6.92e-07 V                   ; 2.35 V              ; -0.00996 V          ; 0.121 V                              ; 0.03 V                               ; 4.64e-10 s                  ; 4.47e-10 s                  ; Yes                        ; Yes                        ; 2.32 V                      ; 6.92e-07 V                  ; 2.35 V             ; -0.00996 V         ; 0.121 V                             ; 0.03 V                              ; 4.64e-10 s                 ; 4.47e-10 s                 ; Yes                       ; Yes                       ;
; LEDG[0]       ; 2.5 V        ; 0 s                 ; 0 s                 ; 2.32 V                       ; 6.92e-07 V                   ; 2.35 V              ; -0.00996 V          ; 0.121 V                              ; 0.03 V                               ; 4.64e-10 s                  ; 4.47e-10 s                  ; Yes                        ; Yes                        ; 2.32 V                      ; 6.92e-07 V                  ; 2.35 V             ; -0.00996 V         ; 0.121 V                             ; 0.03 V                              ; 4.64e-10 s                 ; 4.47e-10 s                 ; Yes                       ; Yes                       ;
; LEDG[1]       ; 2.5 V        ; 0 s                 ; 0 s                 ; 2.32 V                       ; 6.92e-07 V                   ; 2.35 V              ; -0.00996 V          ; 0.121 V                              ; 0.03 V                               ; 4.64e-10 s                  ; 4.47e-10 s                  ; Yes                        ; Yes                        ; 2.32 V                      ; 6.92e-07 V                  ; 2.35 V             ; -0.00996 V         ; 0.121 V                             ; 0.03 V                              ; 4.64e-10 s                 ; 4.47e-10 s                 ; Yes                       ; Yes                       ;
; LEDG[2]       ; 2.5 V        ; 0 s                 ; 0 s                 ; 2.32 V                       ; 6.92e-07 V                   ; 2.35 V              ; -0.00996 V          ; 0.121 V                              ; 0.03 V                               ; 4.64e-10 s                  ; 4.47e-10 s                  ; Yes                        ; Yes                        ; 2.32 V                      ; 6.92e-07 V                  ; 2.35 V             ; -0.00996 V         ; 0.121 V                             ; 0.03 V                              ; 4.64e-10 s                 ; 4.47e-10 s                 ; Yes                       ; Yes                       ;
; LEDG[3]       ; 2.5 V        ; 0 s                 ; 0 s                 ; 2.32 V                       ; 6.92e-07 V                   ; 2.35 V              ; -0.00996 V          ; 0.121 V                              ; 0.03 V                               ; 4.64e-10 s                  ; 4.47e-10 s                  ; Yes                        ; Yes                        ; 2.32 V                      ; 6.92e-07 V                  ; 2.35 V             ; -0.00996 V         ; 0.121 V                             ; 0.03 V                              ; 4.64e-10 s                 ; 4.47e-10 s                 ; Yes                       ; Yes                       ;
; LEDG[4]       ; 2.5 V        ; 0 s                 ; 0 s                 ; 2.32 V                       ; 6.92e-07 V                   ; 2.35 V              ; -0.00996 V          ; 0.121 V                              ; 0.03 V                               ; 4.64e-10 s                  ; 4.47e-10 s                  ; Yes                        ; Yes                        ; 2.32 V                      ; 6.92e-07 V                  ; 2.35 V             ; -0.00996 V         ; 0.121 V                             ; 0.03 V                              ; 4.64e-10 s                 ; 4.47e-10 s                 ; Yes                       ; Yes                       ;
; LEDG[5]       ; 2.5 V        ; 0 s                 ; 0 s                 ; 2.32 V                       ; 6.92e-07 V                   ; 2.35 V              ; -0.00996 V          ; 0.121 V                              ; 0.03 V                               ; 4.64e-10 s                  ; 4.47e-10 s                  ; Yes                        ; Yes                        ; 2.32 V                      ; 6.92e-07 V                  ; 2.35 V             ; -0.00996 V         ; 0.121 V                             ; 0.03 V                              ; 4.64e-10 s                 ; 4.47e-10 s                 ; Yes                       ; Yes                       ;
; LEDG[6]       ; 2.5 V        ; 0 s                 ; 0 s                 ; 2.32 V                       ; 6.92e-07 V                   ; 2.35 V              ; -0.00996 V          ; 0.121 V                              ; 0.03 V                               ; 4.64e-10 s                  ; 4.47e-10 s                  ; Yes                        ; Yes                        ; 2.32 V                      ; 6.92e-07 V                  ; 2.35 V             ; -0.00996 V         ; 0.121 V                             ; 0.03 V                              ; 4.64e-10 s                 ; 4.47e-10 s                 ; Yes                       ; Yes                       ;
; LEDG[7]       ; 2.5 V        ; 0 s                 ; 0 s                 ; 2.32 V                       ; 6.92e-07 V                   ; 2.35 V              ; -0.00996 V          ; 0.121 V                              ; 0.03 V                               ; 4.64e-10 s                  ; 4.47e-10 s                  ; Yes                        ; Yes                        ; 2.32 V                      ; 6.92e-07 V                  ; 2.35 V             ; -0.00996 V         ; 0.121 V                             ; 0.03 V                              ; 4.64e-10 s                 ; 4.47e-10 s                 ; Yes                       ; Yes                       ;
; LEDG[8]       ; 2.5 V        ; 0 s                 ; 0 s                 ; 2.32 V                       ; 6.92e-07 V                   ; 2.35 V              ; -0.00996 V          ; 0.121 V                              ; 0.03 V                               ; 4.64e-10 s                  ; 4.47e-10 s                  ; Yes                        ; Yes                        ; 2.32 V                      ; 6.92e-07 V                  ; 2.35 V             ; -0.00996 V         ; 0.121 V                             ; 0.03 V                              ; 4.64e-10 s                 ; 4.47e-10 s                 ; Yes                       ; Yes                       ;
; ~ALTERA_DCLK~ ; 2.5 V        ; 0 s                 ; 0 s                 ; 2.32 V                       ; 3.75e-07 V                   ; 2.35 V              ; -0.0109 V           ; 0.084 V                              ; 0.027 V                              ; 4.31e-10 s                  ; 3.61e-10 s                  ; Yes                        ; Yes                        ; 2.32 V                      ; 3.75e-07 V                  ; 2.35 V             ; -0.0109 V          ; 0.084 V                             ; 0.027 V                             ; 4.31e-10 s                 ; 3.61e-10 s                 ; Yes                       ; Yes                       ;
; ~ALTERA_nCEO~ ; 2.5 V        ; 0 s                 ; 0 s                 ; 2.32 V                       ; 6.15e-07 V                   ; 2.35 V              ; -0.00712 V          ; 0.093 V                              ; 0.02 V                               ; 6.21e-10 s                  ; 7.9e-10 s                   ; Yes                        ; Yes                        ; 2.32 V                      ; 6.15e-07 V                  ; 2.35 V             ; -0.00712 V         ; 0.093 V                             ; 0.02 V                              ; 6.21e-10 s                 ; 7.9e-10 s                  ; Yes                       ; Yes                       ;
+---------------+--------------+---------------------+---------------------+------------------------------+------------------------------+---------------------+---------------------+--------------------------------------+--------------------------------------+-----------------------------+-----------------------------+----------------------------+----------------------------+-----------------------------+-----------------------------+--------------------+--------------------+-------------------------------------+-------------------------------------+----------------------------+----------------------------+---------------------------+---------------------------+


+--------------------------------------------------------------------------------------------------------------------------------------------------------------------------------------------------------------------------------------------------------------------------------------------------------------------------------------------------------------------------------------------------------------------------------------------------------------------------------------------------------------------------------------------------------------------------------------------------------------------------------------------------------------------------------------------+
; Signal Integrity Metrics (Fast 1200mv 0c Model)                                                                                                                                                                                                                                                                                                                                                                                                                                                                                                                                                                                                                                            ;
+---------------+--------------+---------------------+---------------------+------------------------------+------------------------------+---------------------+---------------------+--------------------------------------+--------------------------------------+-----------------------------+-----------------------------+----------------------------+----------------------------+-----------------------------+-----------------------------+--------------------+--------------------+-------------------------------------+-------------------------------------+----------------------------+----------------------------+---------------------------+---------------------------+
; Pin           ; I/O Standard ; Board Delay on Rise ; Board Delay on Fall ; Steady State Voh at FPGA Pin ; Steady State Vol at FPGA Pin ; Voh Max at FPGA Pin ; Vol Min at FPGA Pin ; Ringback Voltage on Rise at FPGA Pin ; Ringback Voltage on Fall at FPGA Pin ; 10-90 Rise Time at FPGA Pin ; 90-10 Fall Time at FPGA Pin ; Monotonic Rise at FPGA Pin ; Monotonic Fall at FPGA Pin ; Steady State Voh at Far-end ; Steady State Vol at Far-end ; Voh Max at Far-end ; Vol Min at Far-end ; Ringback Voltage on Rise at Far-end ; Ringback Voltage on Fall at Far-end ; 10-90 Rise Time at Far-end ; 90-10 Fall Time at Far-end ; Monotonic Rise at Far-end ; Monotonic Fall at Far-end ;
+---------------+--------------+---------------------+---------------------+------------------------------+------------------------------+---------------------+---------------------+--------------------------------------+--------------------------------------+-----------------------------+-----------------------------+----------------------------+----------------------------+-----------------------------+-----------------------------+--------------------+--------------------+-------------------------------------+-------------------------------------+----------------------------+----------------------------+---------------------------+---------------------------+
; PC[0]         ; 2.5 V        ; 0 s                 ; 0 s                 ; 2.62 V                       ; 4.05e-08 V                   ; 2.72 V              ; -0.0349 V           ; 0.173 V                              ; 0.1 V                                ; 2.72e-10 s                  ; 2.69e-10 s                  ; Yes                        ; Yes                        ; 2.62 V                      ; 4.05e-08 V                  ; 2.72 V             ; -0.0349 V          ; 0.173 V                             ; 0.1 V                               ; 2.72e-10 s                 ; 2.69e-10 s                 ; Yes                       ; Yes                       ;
; PC[1]         ; 2.5 V        ; 0 s                 ; 0 s                 ; 2.62 V                       ; 4.05e-08 V                   ; 2.72 V              ; -0.0349 V           ; 0.173 V                              ; 0.1 V                                ; 2.72e-10 s                  ; 2.69e-10 s                  ; Yes                        ; Yes                        ; 2.62 V                      ; 4.05e-08 V                  ; 2.72 V             ; -0.0349 V          ; 0.173 V                             ; 0.1 V                               ; 2.72e-10 s                 ; 2.69e-10 s                 ; Yes                       ; Yes                       ;
; PC[2]         ; 2.5 V        ; 0 s                 ; 0 s                 ; 2.62 V                       ; 4.05e-08 V                   ; 2.72 V              ; -0.0349 V           ; 0.173 V                              ; 0.1 V                                ; 2.72e-10 s                  ; 2.69e-10 s                  ; Yes                        ; Yes                        ; 2.62 V                      ; 4.05e-08 V                  ; 2.72 V             ; -0.0349 V          ; 0.173 V                             ; 0.1 V                               ; 2.72e-10 s                 ; 2.69e-10 s                 ; Yes                       ; Yes                       ;
; PC[3]         ; 2.5 V        ; 0 s                 ; 0 s                 ; 2.62 V                       ; 4.05e-08 V                   ; 2.72 V              ; -0.0349 V           ; 0.173 V                              ; 0.1 V                                ; 2.72e-10 s                  ; 2.69e-10 s                  ; Yes                        ; Yes                        ; 2.62 V                      ; 4.05e-08 V                  ; 2.72 V             ; -0.0349 V          ; 0.173 V                             ; 0.1 V                               ; 2.72e-10 s                 ; 2.69e-10 s                 ; Yes                       ; Yes                       ;
; PC[4]         ; 2.5 V        ; 0 s                 ; 0 s                 ; 2.62 V                       ; 4.05e-08 V                   ; 2.72 V              ; -0.0349 V           ; 0.173 V                              ; 0.1 V                                ; 2.72e-10 s                  ; 2.69e-10 s                  ; Yes                        ; Yes                        ; 2.62 V                      ; 4.05e-08 V                  ; 2.72 V             ; -0.0349 V          ; 0.173 V                             ; 0.1 V                               ; 2.72e-10 s                 ; 2.69e-10 s                 ; Yes                       ; Yes                       ;
; PC[5]         ; 2.5 V        ; 0 s                 ; 0 s                 ; 2.62 V                       ; 4.05e-08 V                   ; 2.72 V              ; -0.0349 V           ; 0.173 V                              ; 0.1 V                                ; 2.72e-10 s                  ; 2.69e-10 s                  ; Yes                        ; Yes                        ; 2.62 V                      ; 4.05e-08 V                  ; 2.72 V             ; -0.0349 V          ; 0.173 V                             ; 0.1 V                               ; 2.72e-10 s                 ; 2.69e-10 s                 ; Yes                       ; Yes                       ;
; PC[6]         ; 2.5 V        ; 0 s                 ; 0 s                 ; 2.62 V                       ; 4.05e-08 V                   ; 2.72 V              ; -0.0349 V           ; 0.173 V                              ; 0.1 V                                ; 2.72e-10 s                  ; 2.69e-10 s                  ; Yes                        ; Yes                        ; 2.62 V                      ; 4.05e-08 V                  ; 2.72 V             ; -0.0349 V          ; 0.173 V                             ; 0.1 V                               ; 2.72e-10 s                 ; 2.69e-10 s                 ; Yes                       ; Yes                       ;
; PC[7]         ; 2.5 V        ; 0 s                 ; 0 s                 ; 2.62 V                       ; 4.05e-08 V                   ; 2.72 V              ; -0.0349 V           ; 0.173 V                              ; 0.1 V                                ; 2.72e-10 s                  ; 2.69e-10 s                  ; Yes                        ; Yes                        ; 2.62 V                      ; 4.05e-08 V                  ; 2.72 V             ; -0.0349 V          ; 0.173 V                             ; 0.1 V                               ; 2.72e-10 s                 ; 2.69e-10 s                 ; Yes                       ; Yes                       ;
; PC[8]         ; 2.5 V        ; 0 s                 ; 0 s                 ; 2.62 V                       ; 4.05e-08 V                   ; 2.72 V              ; -0.0349 V           ; 0.173 V                              ; 0.1 V                                ; 2.72e-10 s                  ; 2.69e-10 s                  ; Yes                        ; Yes                        ; 2.62 V                      ; 4.05e-08 V                  ; 2.72 V             ; -0.0349 V          ; 0.173 V                             ; 0.1 V                               ; 2.72e-10 s                 ; 2.69e-10 s                 ; Yes                       ; Yes                       ;
; PC[9]         ; 2.5 V        ; 0 s                 ; 0 s                 ; 2.62 V                       ; 4.05e-08 V                   ; 2.72 V              ; -0.0349 V           ; 0.173 V                              ; 0.1 V                                ; 2.72e-10 s                  ; 2.69e-10 s                  ; Yes                        ; Yes                        ; 2.62 V                      ; 4.05e-08 V                  ; 2.72 V             ; -0.0349 V          ; 0.173 V                             ; 0.1 V                               ; 2.72e-10 s                 ; 2.69e-10 s                 ; Yes                       ; Yes                       ;
; PC[10]        ; 2.5 V        ; 0 s                 ; 0 s                 ; 2.62 V                       ; 4.05e-08 V                   ; 2.72 V              ; -0.0349 V           ; 0.173 V                              ; 0.1 V                                ; 2.72e-10 s                  ; 2.69e-10 s                  ; Yes                        ; Yes                        ; 2.62 V                      ; 4.05e-08 V                  ; 2.72 V             ; -0.0349 V          ; 0.173 V                             ; 0.1 V                               ; 2.72e-10 s                 ; 2.69e-10 s                 ; Yes                       ; Yes                       ;
; PC[11]        ; 2.5 V        ; 0 s                 ; 0 s                 ; 2.62 V                       ; 4.05e-08 V                   ; 2.72 V              ; -0.0349 V           ; 0.173 V                              ; 0.1 V                                ; 2.72e-10 s                  ; 2.69e-10 s                  ; Yes                        ; Yes                        ; 2.62 V                      ; 4.05e-08 V                  ; 2.72 V             ; -0.0349 V          ; 0.173 V                             ; 0.1 V                               ; 2.72e-10 s                 ; 2.69e-10 s                 ; Yes                       ; Yes                       ;
; PC[12]        ; 2.5 V        ; 0 s                 ; 0 s                 ; 2.62 V                       ; 4.05e-08 V                   ; 2.72 V              ; -0.0349 V           ; 0.173 V                              ; 0.1 V                                ; 2.72e-10 s                  ; 2.69e-10 s                  ; Yes                        ; Yes                        ; 2.62 V                      ; 4.05e-08 V                  ; 2.72 V             ; -0.0349 V          ; 0.173 V                             ; 0.1 V                               ; 2.72e-10 s                 ; 2.69e-10 s                 ; Yes                       ; Yes                       ;
; PC[13]        ; 2.5 V        ; 0 s                 ; 0 s                 ; 2.62 V                       ; 4.05e-08 V                   ; 2.72 V              ; -0.0349 V           ; 0.173 V                              ; 0.1 V                                ; 2.72e-10 s                  ; 2.69e-10 s                  ; Yes                        ; Yes                        ; 2.62 V                      ; 4.05e-08 V                  ; 2.72 V             ; -0.0349 V          ; 0.173 V                             ; 0.1 V                               ; 2.72e-10 s                 ; 2.69e-10 s                 ; Yes                       ; Yes                       ;
; PC[14]        ; 2.5 V        ; 0 s                 ; 0 s                 ; 2.62 V                       ; 4.05e-08 V                   ; 2.72 V              ; -0.0349 V           ; 0.173 V                              ; 0.1 V                                ; 2.72e-10 s                  ; 2.69e-10 s                  ; Yes                        ; Yes                        ; 2.62 V                      ; 4.05e-08 V                  ; 2.72 V             ; -0.0349 V          ; 0.173 V                             ; 0.1 V                               ; 2.72e-10 s                 ; 2.69e-10 s                 ; Yes                       ; Yes                       ;
; PC[15]        ; 2.5 V        ; 0 s                 ; 0 s                 ; 2.62 V                       ; 4.05e-08 V                   ; 2.72 V              ; -0.0349 V           ; 0.173 V                              ; 0.1 V                                ; 2.72e-10 s                  ; 2.69e-10 s                  ; Yes                        ; Yes                        ; 2.62 V                      ; 4.05e-08 V                  ; 2.72 V             ; -0.0349 V          ; 0.173 V                             ; 0.1 V                               ; 2.72e-10 s                 ; 2.69e-10 s                 ; Yes                       ; Yes                       ;
; PC[16]        ; 2.5 V        ; 0 s                 ; 0 s                 ; 2.62 V                       ; 4.05e-08 V                   ; 2.64 V              ; -0.0113 V           ; 0.208 V                              ; 0.179 V                              ; 2.38e-09 s                  ; 2.23e-09 s                  ; No                         ; Yes                        ; 2.62 V                      ; 4.05e-08 V                  ; 2.64 V             ; -0.0113 V          ; 0.208 V                             ; 0.179 V                             ; 2.38e-09 s                 ; 2.23e-09 s                 ; No                        ; Yes                       ;
; PC[17]        ; 2.5 V        ; 0 s                 ; 0 s                 ; 2.62 V                       ; 4.05e-08 V                   ; 2.72 V              ; -0.0349 V           ; 0.173 V                              ; 0.1 V                                ; 2.72e-10 s                  ; 2.69e-10 s                  ; Yes                        ; Yes                        ; 2.62 V                      ; 4.05e-08 V                  ; 2.72 V             ; -0.0349 V          ; 0.173 V                             ; 0.1 V                               ; 2.72e-10 s                 ; 2.69e-10 s                 ; Yes                       ; Yes                       ;
; PC[18]        ; 2.5 V        ; 0 s                 ; 0 s                 ; 2.62 V                       ; 2.74e-08 V                   ; 2.71 V              ; -0.0317 V           ; 0.148 V                              ; 0.064 V                              ; 4.51e-10 s                  ; 4.15e-10 s                  ; No                         ; Yes                        ; 2.62 V                      ; 2.74e-08 V                  ; 2.71 V             ; -0.0317 V          ; 0.148 V                             ; 0.064 V                             ; 4.51e-10 s                 ; 4.15e-10 s                 ; No                        ; Yes                       ;
; PC[19]        ; 2.5 V        ; 0 s                 ; 0 s                 ; 2.62 V                       ; 4.05e-08 V                   ; 2.72 V              ; -0.0349 V           ; 0.173 V                              ; 0.1 V                                ; 2.72e-10 s                  ; 2.69e-10 s                  ; Yes                        ; Yes                        ; 2.62 V                      ; 4.05e-08 V                  ; 2.72 V             ; -0.0349 V          ; 0.173 V                             ; 0.1 V                               ; 2.72e-10 s                 ; 2.69e-10 s                 ; Yes                       ; Yes                       ;
; PC[20]        ; 2.5 V        ; 0 s                 ; 0 s                 ; 2.62 V                       ; 4.05e-08 V                   ; 2.72 V              ; -0.0349 V           ; 0.173 V                              ; 0.1 V                                ; 2.72e-10 s                  ; 2.69e-10 s                  ; Yes                        ; Yes                        ; 2.62 V                      ; 4.05e-08 V                  ; 2.72 V             ; -0.0349 V          ; 0.173 V                             ; 0.1 V                               ; 2.72e-10 s                 ; 2.69e-10 s                 ; Yes                       ; Yes                       ;
; PC[21]        ; 2.5 V        ; 0 s                 ; 0 s                 ; 2.62 V                       ; 4.05e-08 V                   ; 2.72 V              ; -0.0349 V           ; 0.173 V                              ; 0.1 V                                ; 2.72e-10 s                  ; 2.69e-10 s                  ; Yes                        ; Yes                        ; 2.62 V                      ; 4.05e-08 V                  ; 2.72 V             ; -0.0349 V          ; 0.173 V                             ; 0.1 V                               ; 2.72e-10 s                 ; 2.69e-10 s                 ; Yes                       ; Yes                       ;
; PC[22]        ; 2.5 V        ; 0 s                 ; 0 s                 ; 2.62 V                       ; 4.05e-08 V                   ; 2.72 V              ; -0.0349 V           ; 0.173 V                              ; 0.1 V                                ; 2.72e-10 s                  ; 2.69e-10 s                  ; Yes                        ; Yes                        ; 2.62 V                      ; 4.05e-08 V                  ; 2.72 V             ; -0.0349 V          ; 0.173 V                             ; 0.1 V                               ; 2.72e-10 s                 ; 2.69e-10 s                 ; Yes                       ; Yes                       ;
; PC[23]        ; 2.5 V        ; 0 s                 ; 0 s                 ; 2.62 V                       ; 4.05e-08 V                   ; 2.72 V              ; -0.0349 V           ; 0.173 V                              ; 0.1 V                                ; 2.72e-10 s                  ; 2.69e-10 s                  ; Yes                        ; Yes                        ; 2.62 V                      ; 4.05e-08 V                  ; 2.72 V             ; -0.0349 V          ; 0.173 V                             ; 0.1 V                               ; 2.72e-10 s                 ; 2.69e-10 s                 ; Yes                       ; Yes                       ;
; PC[24]        ; 2.5 V        ; 0 s                 ; 0 s                 ; 2.62 V                       ; 4.05e-08 V                   ; 2.72 V              ; -0.0349 V           ; 0.173 V                              ; 0.1 V                                ; 2.72e-10 s                  ; 2.69e-10 s                  ; Yes                        ; Yes                        ; 2.62 V                      ; 4.05e-08 V                  ; 2.72 V             ; -0.0349 V          ; 0.173 V                             ; 0.1 V                               ; 2.72e-10 s                 ; 2.69e-10 s                 ; Yes                       ; Yes                       ;
; PC[25]        ; 2.5 V        ; 0 s                 ; 0 s                 ; 2.62 V                       ; 4.05e-08 V                   ; 2.72 V              ; -0.0349 V           ; 0.173 V                              ; 0.1 V                                ; 2.72e-10 s                  ; 2.69e-10 s                  ; Yes                        ; Yes                        ; 2.62 V                      ; 4.05e-08 V                  ; 2.72 V             ; -0.0349 V          ; 0.173 V                             ; 0.1 V                               ; 2.72e-10 s                 ; 2.69e-10 s                 ; Yes                       ; Yes                       ;
; PC[26]        ; 2.5 V        ; 0 s                 ; 0 s                 ; 2.62 V                       ; 4.05e-08 V                   ; 2.72 V              ; -0.0349 V           ; 0.173 V                              ; 0.1 V                                ; 2.72e-10 s                  ; 2.69e-10 s                  ; Yes                        ; Yes                        ; 2.62 V                      ; 4.05e-08 V                  ; 2.72 V             ; -0.0349 V          ; 0.173 V                             ; 0.1 V                               ; 2.72e-10 s                 ; 2.69e-10 s                 ; Yes                       ; Yes                       ;
; PC[27]        ; 2.5 V        ; 0 s                 ; 0 s                 ; 2.62 V                       ; 4.05e-08 V                   ; 2.72 V              ; -0.0349 V           ; 0.173 V                              ; 0.1 V                                ; 2.72e-10 s                  ; 2.69e-10 s                  ; Yes                        ; Yes                        ; 2.62 V                      ; 4.05e-08 V                  ; 2.72 V             ; -0.0349 V          ; 0.173 V                             ; 0.1 V                               ; 2.72e-10 s                 ; 2.69e-10 s                 ; Yes                       ; Yes                       ;
; PC[28]        ; 2.5 V        ; 0 s                 ; 0 s                 ; 2.62 V                       ; 4.05e-08 V                   ; 2.72 V              ; -0.0349 V           ; 0.173 V                              ; 0.1 V                                ; 2.72e-10 s                  ; 2.69e-10 s                  ; Yes                        ; Yes                        ; 2.62 V                      ; 4.05e-08 V                  ; 2.72 V             ; -0.0349 V          ; 0.173 V                             ; 0.1 V                               ; 2.72e-10 s                 ; 2.69e-10 s                 ; Yes                       ; Yes                       ;
; PC[29]        ; 2.5 V        ; 0 s                 ; 0 s                 ; 2.62 V                       ; 4.05e-08 V                   ; 2.72 V              ; -0.0349 V           ; 0.173 V                              ; 0.1 V                                ; 2.72e-10 s                  ; 2.69e-10 s                  ; Yes                        ; Yes                        ; 2.62 V                      ; 4.05e-08 V                  ; 2.72 V             ; -0.0349 V          ; 0.173 V                             ; 0.1 V                               ; 2.72e-10 s                 ; 2.69e-10 s                 ; Yes                       ; Yes                       ;
; PC[30]        ; 2.5 V        ; 0 s                 ; 0 s                 ; 2.62 V                       ; 4.05e-08 V                   ; 2.72 V              ; -0.0349 V           ; 0.173 V                              ; 0.1 V                                ; 2.72e-10 s                  ; 2.69e-10 s                  ; Yes                        ; Yes                        ; 2.62 V                      ; 4.05e-08 V                  ; 2.72 V             ; -0.0349 V          ; 0.173 V                             ; 0.1 V                               ; 2.72e-10 s                 ; 2.69e-10 s                 ; Yes                       ; Yes                       ;
; PC[31]        ; 2.5 V        ; 0 s                 ; 0 s                 ; 2.62 V                       ; 4.05e-08 V                   ; 2.72 V              ; -0.0349 V           ; 0.173 V                              ; 0.1 V                                ; 2.72e-10 s                  ; 2.69e-10 s                  ; Yes                        ; Yes                        ; 2.62 V                      ; 4.05e-08 V                  ; 2.72 V             ; -0.0349 V          ; 0.173 V                             ; 0.1 V                               ; 2.72e-10 s                 ; 2.69e-10 s                 ; Yes                       ; Yes                       ;
; LEDR[0]       ; 2.5 V        ; 0 s                 ; 0 s                 ; 2.62 V                       ; 4.05e-08 V                   ; 2.72 V              ; -0.0349 V           ; 0.173 V                              ; 0.1 V                                ; 2.72e-10 s                  ; 2.69e-10 s                  ; Yes                        ; Yes                        ; 2.62 V                      ; 4.05e-08 V                  ; 2.72 V             ; -0.0349 V          ; 0.173 V                             ; 0.1 V                               ; 2.72e-10 s                 ; 2.69e-10 s                 ; Yes                       ; Yes                       ;
; LEDR[1]       ; 2.5 V        ; 0 s                 ; 0 s                 ; 2.62 V                       ; 4.05e-08 V                   ; 2.72 V              ; -0.0349 V           ; 0.173 V                              ; 0.1 V                                ; 2.72e-10 s                  ; 2.69e-10 s                  ; Yes                        ; Yes                        ; 2.62 V                      ; 4.05e-08 V                  ; 2.72 V             ; -0.0349 V          ; 0.173 V                             ; 0.1 V                               ; 2.72e-10 s                 ; 2.69e-10 s                 ; Yes                       ; Yes                       ;
; LEDR[2]       ; 2.5 V        ; 0 s                 ; 0 s                 ; 2.62 V                       ; 4.05e-08 V                   ; 2.72 V              ; -0.0349 V           ; 0.173 V                              ; 0.1 V                                ; 2.72e-10 s                  ; 2.69e-10 s                  ; Yes                        ; Yes                        ; 2.62 V                      ; 4.05e-08 V                  ; 2.72 V             ; -0.0349 V          ; 0.173 V                             ; 0.1 V                               ; 2.72e-10 s                 ; 2.69e-10 s                 ; Yes                       ; Yes                       ;
; LEDR[3]       ; 2.5 V        ; 0 s                 ; 0 s                 ; 2.62 V                       ; 4.05e-08 V                   ; 2.72 V              ; -0.0349 V           ; 0.173 V                              ; 0.1 V                                ; 2.72e-10 s                  ; 2.69e-10 s                  ; Yes                        ; Yes                        ; 2.62 V                      ; 4.05e-08 V                  ; 2.72 V             ; -0.0349 V          ; 0.173 V                             ; 0.1 V                               ; 2.72e-10 s                 ; 2.69e-10 s                 ; Yes                       ; Yes                       ;
; LEDR[4]       ; 2.5 V        ; 0 s                 ; 0 s                 ; 2.62 V                       ; 4.05e-08 V                   ; 2.72 V              ; -0.0349 V           ; 0.173 V                              ; 0.1 V                                ; 2.72e-10 s                  ; 2.69e-10 s                  ; Yes                        ; Yes                        ; 2.62 V                      ; 4.05e-08 V                  ; 2.72 V             ; -0.0349 V          ; 0.173 V                             ; 0.1 V                               ; 2.72e-10 s                 ; 2.69e-10 s                 ; Yes                       ; Yes                       ;
; LEDR[5]       ; 2.5 V        ; 0 s                 ; 0 s                 ; 2.62 V                       ; 4.05e-08 V                   ; 2.72 V              ; -0.0349 V           ; 0.173 V                              ; 0.1 V                                ; 2.72e-10 s                  ; 2.69e-10 s                  ; Yes                        ; Yes                        ; 2.62 V                      ; 4.05e-08 V                  ; 2.72 V             ; -0.0349 V          ; 0.173 V                             ; 0.1 V                               ; 2.72e-10 s                 ; 2.69e-10 s                 ; Yes                       ; Yes                       ;
; LEDR[6]       ; 2.5 V        ; 0 s                 ; 0 s                 ; 2.62 V                       ; 4.05e-08 V                   ; 2.72 V              ; -0.0349 V           ; 0.173 V                              ; 0.1 V                                ; 2.72e-10 s                  ; 2.69e-10 s                  ; Yes                        ; Yes                        ; 2.62 V                      ; 4.05e-08 V                  ; 2.72 V             ; -0.0349 V          ; 0.173 V                             ; 0.1 V                               ; 2.72e-10 s                 ; 2.69e-10 s                 ; Yes                       ; Yes                       ;
; LEDR[7]       ; 2.5 V        ; 0 s                 ; 0 s                 ; 2.62 V                       ; 4.05e-08 V                   ; 2.72 V              ; -0.0349 V           ; 0.173 V                              ; 0.1 V                                ; 2.72e-10 s                  ; 2.69e-10 s                  ; Yes                        ; Yes                        ; 2.62 V                      ; 4.05e-08 V                  ; 2.72 V             ; -0.0349 V          ; 0.173 V                             ; 0.1 V                               ; 2.72e-10 s                 ; 2.69e-10 s                 ; Yes                       ; Yes                       ;
; LEDR[8]       ; 2.5 V        ; 0 s                 ; 0 s                 ; 2.62 V                       ; 4.05e-08 V                   ; 2.72 V              ; -0.0349 V           ; 0.173 V                              ; 0.1 V                                ; 2.72e-10 s                  ; 2.69e-10 s                  ; Yes                        ; Yes                        ; 2.62 V                      ; 4.05e-08 V                  ; 2.72 V             ; -0.0349 V          ; 0.173 V                             ; 0.1 V                               ; 2.72e-10 s                 ; 2.69e-10 s                 ; Yes                       ; Yes                       ;
; LEDR[9]       ; 2.5 V        ; 0 s                 ; 0 s                 ; 2.62 V                       ; 4.05e-08 V                   ; 2.64 V              ; -0.0113 V           ; 0.208 V                              ; 0.179 V                              ; 2.38e-09 s                  ; 2.23e-09 s                  ; No                         ; Yes                        ; 2.62 V                      ; 4.05e-08 V                  ; 2.64 V             ; -0.0113 V          ; 0.208 V                             ; 0.179 V                             ; 2.38e-09 s                 ; 2.23e-09 s                 ; No                        ; Yes                       ;
; LEDR[10]      ; 2.5 V        ; 0 s                 ; 0 s                 ; 2.62 V                       ; 4.05e-08 V                   ; 2.72 V              ; -0.0349 V           ; 0.173 V                              ; 0.1 V                                ; 2.72e-10 s                  ; 2.69e-10 s                  ; Yes                        ; Yes                        ; 2.62 V                      ; 4.05e-08 V                  ; 2.72 V             ; -0.0349 V          ; 0.173 V                             ; 0.1 V                               ; 2.72e-10 s                 ; 2.69e-10 s                 ; Yes                       ; Yes                       ;
; LEDR[11]      ; 2.5 V        ; 0 s                 ; 0 s                 ; 2.62 V                       ; 4.05e-08 V                   ; 2.72 V              ; -0.0349 V           ; 0.173 V                              ; 0.1 V                                ; 2.72e-10 s                  ; 2.69e-10 s                  ; Yes                        ; Yes                        ; 2.62 V                      ; 4.05e-08 V                  ; 2.72 V             ; -0.0349 V          ; 0.173 V                             ; 0.1 V                               ; 2.72e-10 s                 ; 2.69e-10 s                 ; Yes                       ; Yes                       ;
; LEDR[12]      ; 2.5 V        ; 0 s                 ; 0 s                 ; 2.62 V                       ; 4.05e-08 V                   ; 2.72 V              ; -0.0349 V           ; 0.173 V                              ; 0.1 V                                ; 2.72e-10 s                  ; 2.69e-10 s                  ; Yes                        ; Yes                        ; 2.62 V                      ; 4.05e-08 V                  ; 2.72 V             ; -0.0349 V          ; 0.173 V                             ; 0.1 V                               ; 2.72e-10 s                 ; 2.69e-10 s                 ; Yes                       ; Yes                       ;
; LEDR[13]      ; 2.5 V        ; 0 s                 ; 0 s                 ; 2.62 V                       ; 4.05e-08 V                   ; 2.72 V              ; -0.0349 V           ; 0.173 V                              ; 0.1 V                                ; 2.72e-10 s                  ; 2.69e-10 s                  ; Yes                        ; Yes                        ; 2.62 V                      ; 4.05e-08 V                  ; 2.72 V             ; -0.0349 V          ; 0.173 V                             ; 0.1 V                               ; 2.72e-10 s                 ; 2.69e-10 s                 ; Yes                       ; Yes                       ;
; LEDR[14]      ; 2.5 V        ; 0 s                 ; 0 s                 ; 2.62 V                       ; 4.05e-08 V                   ; 2.72 V              ; -0.0349 V           ; 0.173 V                              ; 0.1 V                                ; 2.72e-10 s                  ; 2.69e-10 s                  ; Yes                        ; Yes                        ; 2.62 V                      ; 4.05e-08 V                  ; 2.72 V             ; -0.0349 V          ; 0.173 V                             ; 0.1 V                               ; 2.72e-10 s                 ; 2.69e-10 s                 ; Yes                       ; Yes                       ;
; LEDR[15]      ; 2.5 V        ; 0 s                 ; 0 s                 ; 2.62 V                       ; 4.05e-08 V                   ; 2.72 V              ; -0.0349 V           ; 0.173 V                              ; 0.1 V                                ; 2.72e-10 s                  ; 2.69e-10 s                  ; Yes                        ; Yes                        ; 2.62 V                      ; 4.05e-08 V                  ; 2.72 V             ; -0.0349 V          ; 0.173 V                             ; 0.1 V                               ; 2.72e-10 s                 ; 2.69e-10 s                 ; Yes                       ; Yes                       ;
; LEDR[16]      ; 2.5 V        ; 0 s                 ; 0 s                 ; 2.62 V                       ; 4.05e-08 V                   ; 2.72 V              ; -0.0349 V           ; 0.173 V                              ; 0.1 V                                ; 2.72e-10 s                  ; 2.69e-10 s                  ; Yes                        ; Yes                        ; 2.62 V                      ; 4.05e-08 V                  ; 2.72 V             ; -0.0349 V          ; 0.173 V                             ; 0.1 V                               ; 2.72e-10 s                 ; 2.69e-10 s                 ; Yes                       ; Yes                       ;
; LEDR[17]      ; 2.5 V        ; 0 s                 ; 0 s                 ; 2.62 V                       ; 4.05e-08 V                   ; 2.72 V              ; -0.0349 V           ; 0.173 V                              ; 0.1 V                                ; 2.72e-10 s                  ; 2.69e-10 s                  ; Yes                        ; Yes                        ; 2.62 V                      ; 4.05e-08 V                  ; 2.72 V             ; -0.0349 V          ; 0.173 V                             ; 0.1 V                               ; 2.72e-10 s                 ; 2.69e-10 s                 ; Yes                       ; Yes                       ;
; LEDG[0]       ; 2.5 V        ; 0 s                 ; 0 s                 ; 2.62 V                       ; 4.05e-08 V                   ; 2.72 V              ; -0.0349 V           ; 0.173 V                              ; 0.1 V                                ; 2.72e-10 s                  ; 2.69e-10 s                  ; Yes                        ; Yes                        ; 2.62 V                      ; 4.05e-08 V                  ; 2.72 V             ; -0.0349 V          ; 0.173 V                             ; 0.1 V                               ; 2.72e-10 s                 ; 2.69e-10 s                 ; Yes                       ; Yes                       ;
; LEDG[1]       ; 2.5 V        ; 0 s                 ; 0 s                 ; 2.62 V                       ; 4.05e-08 V                   ; 2.72 V              ; -0.0349 V           ; 0.173 V                              ; 0.1 V                                ; 2.72e-10 s                  ; 2.69e-10 s                  ; Yes                        ; Yes                        ; 2.62 V                      ; 4.05e-08 V                  ; 2.72 V             ; -0.0349 V          ; 0.173 V                             ; 0.1 V                               ; 2.72e-10 s                 ; 2.69e-10 s                 ; Yes                       ; Yes                       ;
; LEDG[2]       ; 2.5 V        ; 0 s                 ; 0 s                 ; 2.62 V                       ; 4.05e-08 V                   ; 2.72 V              ; -0.0349 V           ; 0.173 V                              ; 0.1 V                                ; 2.72e-10 s                  ; 2.69e-10 s                  ; Yes                        ; Yes                        ; 2.62 V                      ; 4.05e-08 V                  ; 2.72 V             ; -0.0349 V          ; 0.173 V                             ; 0.1 V                               ; 2.72e-10 s                 ; 2.69e-10 s                 ; Yes                       ; Yes                       ;
; LEDG[3]       ; 2.5 V        ; 0 s                 ; 0 s                 ; 2.62 V                       ; 4.05e-08 V                   ; 2.72 V              ; -0.0349 V           ; 0.173 V                              ; 0.1 V                                ; 2.72e-10 s                  ; 2.69e-10 s                  ; Yes                        ; Yes                        ; 2.62 V                      ; 4.05e-08 V                  ; 2.72 V             ; -0.0349 V          ; 0.173 V                             ; 0.1 V                               ; 2.72e-10 s                 ; 2.69e-10 s                 ; Yes                       ; Yes                       ;
; LEDG[4]       ; 2.5 V        ; 0 s                 ; 0 s                 ; 2.62 V                       ; 4.05e-08 V                   ; 2.72 V              ; -0.0349 V           ; 0.173 V                              ; 0.1 V                                ; 2.72e-10 s                  ; 2.69e-10 s                  ; Yes                        ; Yes                        ; 2.62 V                      ; 4.05e-08 V                  ; 2.72 V             ; -0.0349 V          ; 0.173 V                             ; 0.1 V                               ; 2.72e-10 s                 ; 2.69e-10 s                 ; Yes                       ; Yes                       ;
; LEDG[5]       ; 2.5 V        ; 0 s                 ; 0 s                 ; 2.62 V                       ; 4.05e-08 V                   ; 2.72 V              ; -0.0349 V           ; 0.173 V                              ; 0.1 V                                ; 2.72e-10 s                  ; 2.69e-10 s                  ; Yes                        ; Yes                        ; 2.62 V                      ; 4.05e-08 V                  ; 2.72 V             ; -0.0349 V          ; 0.173 V                             ; 0.1 V                               ; 2.72e-10 s                 ; 2.69e-10 s                 ; Yes                       ; Yes                       ;
; LEDG[6]       ; 2.5 V        ; 0 s                 ; 0 s                 ; 2.62 V                       ; 4.05e-08 V                   ; 2.72 V              ; -0.0349 V           ; 0.173 V                              ; 0.1 V                                ; 2.72e-10 s                  ; 2.69e-10 s                  ; Yes                        ; Yes                        ; 2.62 V                      ; 4.05e-08 V                  ; 2.72 V             ; -0.0349 V          ; 0.173 V                             ; 0.1 V                               ; 2.72e-10 s                 ; 2.69e-10 s                 ; Yes                       ; Yes                       ;
; LEDG[7]       ; 2.5 V        ; 0 s                 ; 0 s                 ; 2.62 V                       ; 4.05e-08 V                   ; 2.72 V              ; -0.0349 V           ; 0.173 V                              ; 0.1 V                                ; 2.72e-10 s                  ; 2.69e-10 s                  ; Yes                        ; Yes                        ; 2.62 V                      ; 4.05e-08 V                  ; 2.72 V             ; -0.0349 V          ; 0.173 V                             ; 0.1 V                               ; 2.72e-10 s                 ; 2.69e-10 s                 ; Yes                       ; Yes                       ;
; LEDG[8]       ; 2.5 V        ; 0 s                 ; 0 s                 ; 2.62 V                       ; 4.05e-08 V                   ; 2.72 V              ; -0.0349 V           ; 0.173 V                              ; 0.1 V                                ; 2.72e-10 s                  ; 2.69e-10 s                  ; Yes                        ; Yes                        ; 2.62 V                      ; 4.05e-08 V                  ; 2.72 V             ; -0.0349 V          ; 0.173 V                             ; 0.1 V                               ; 2.72e-10 s                 ; 2.69e-10 s                 ; Yes                       ; Yes                       ;
; ~ALTERA_DCLK~ ; 2.5 V        ; 0 s                 ; 0 s                 ; 2.62 V                       ; 2.22e-08 V                   ; 2.74 V              ; -0.06 V             ; 0.158 V                              ; 0.08 V                               ; 2.68e-10 s                  ; 2.19e-10 s                  ; Yes                        ; Yes                        ; 2.62 V                      ; 2.22e-08 V                  ; 2.74 V             ; -0.06 V            ; 0.158 V                             ; 0.08 V                              ; 2.68e-10 s                 ; 2.19e-10 s                 ; Yes                       ; Yes                       ;
; ~ALTERA_nCEO~ ; 2.5 V        ; 0 s                 ; 0 s                 ; 2.62 V                       ; 3.54e-08 V                   ; 2.7 V               ; -0.00943 V          ; 0.276 V                              ; 0.035 V                              ; 3.19e-10 s                  ; 4.99e-10 s                  ; No                         ; Yes                        ; 2.62 V                      ; 3.54e-08 V                  ; 2.7 V              ; -0.00943 V         ; 0.276 V                             ; 0.035 V                             ; 3.19e-10 s                 ; 4.99e-10 s                 ; No                        ; Yes                       ;
+---------------+--------------+---------------------+---------------------+------------------------------+------------------------------+---------------------+---------------------+--------------------------------------+--------------------------------------+-----------------------------+-----------------------------+----------------------------+----------------------------+-----------------------------+-----------------------------+--------------------+--------------------+-------------------------------------+-------------------------------------+----------------------------+----------------------------+---------------------------+---------------------------+


+-----------------------------------------------------------------------------------------------------------------------------------------------------------+
; Setup Transfers                                                                                                                                           ;
+------------------------------------------------------+------------------------------------------------------+------------+----------+----------+----------+
; From Clock                                           ; To Clock                                             ; RR Paths   ; FR Paths ; RF Paths ; FF Paths ;
+------------------------------------------------------+------------------------------------------------------+------------+----------+----------+----------+
; pll_inst|altpll_component|auto_generated|pll1|clk[0] ; pll_inst|altpll_component|auto_generated|pll1|clk[0] ; 1930867803 ; 0        ; 0        ; 0        ;
+------------------------------------------------------+------------------------------------------------------+------------+----------+----------+----------+
Entries labeled "false path" only account for clock-to-clock false paths and not path-based false paths. As a result, actual path counts may be lower than reported.


+-----------------------------------------------------------------------------------------------------------------------------------------------------------+
; Hold Transfers                                                                                                                                            ;
+------------------------------------------------------+------------------------------------------------------+------------+----------+----------+----------+
; From Clock                                           ; To Clock                                             ; RR Paths   ; FR Paths ; RF Paths ; FF Paths ;
+------------------------------------------------------+------------------------------------------------------+------------+----------+----------+----------+
; pll_inst|altpll_component|auto_generated|pll1|clk[0] ; pll_inst|altpll_component|auto_generated|pll1|clk[0] ; 1930867803 ; 0        ; 0        ; 0        ;
+------------------------------------------------------+------------------------------------------------------+------------+----------+----------+----------+
Entries labeled "false path" only account for clock-to-clock false paths and not path-based false paths. As a result, actual path counts may be lower than reported.


---------------
; Report TCCS ;
---------------
No dedicated SERDES Transmitter circuitry present in device or used in design


---------------
; Report RSKM ;
---------------
No non-DPA dedicated SERDES Receiver circuitry present in device or used in design


+------------------------------------------------+
; Unconstrained Paths Summary                    ;
+---------------------------------+-------+------+
; Property                        ; Setup ; Hold ;
+---------------------------------+-------+------+
; Illegal Clocks                  ; 0     ; 0    ;
; Unconstrained Clocks            ; 0     ; 0    ;
; Unconstrained Input Ports       ; 22    ; 22   ;
; Unconstrained Input Port Paths  ; 763   ; 763  ;
; Unconstrained Output Ports      ; 59    ; 59   ;
; Unconstrained Output Port Paths ; 59    ; 59   ;
+---------------------------------+-------+------+


+---------------------------------------------------------------------------------------------------------------------------------------+
; Clock Status Summary                                                                                                                  ;
+------------------------------------------------------+------------------------------------------------------+-----------+-------------+
; Target                                               ; Clock                                                ; Type      ; Status      ;
+------------------------------------------------------+------------------------------------------------------+-----------+-------------+
; clk                                                  ; clk                                                  ; Base      ; Constrained ;
; pll_inst|altpll_component|auto_generated|pll1|clk[0] ; pll_inst|altpll_component|auto_generated|pll1|clk[0] ; Generated ; Constrained ;
+------------------------------------------------------+------------------------------------------------------+-----------+-------------+


+---------------------------------------------------------------------------------------------------+
; Unconstrained Input Ports                                                                         ;
+------------+--------------------------------------------------------------------------------------+
; Input Port ; Comment                                                                              ;
+------------+--------------------------------------------------------------------------------------+
; KEY[1]     ; No input delay, min/max delays, false-path exceptions, or max skew assignments found ;
; KEY[2]     ; No input delay, min/max delays, false-path exceptions, or max skew assignments found ;
; KEY[3]     ; No input delay, min/max delays, false-path exceptions, or max skew assignments found ;
; SW[0]      ; No input delay, min/max delays, false-path exceptions, or max skew assignments found ;
; SW[1]      ; No input delay, min/max delays, false-path exceptions, or max skew assignments found ;
; SW[2]      ; No input delay, min/max delays, false-path exceptions, or max skew assignments found ;
; SW[3]      ; No input delay, min/max delays, false-path exceptions, or max skew assignments found ;
; SW[4]      ; No input delay, min/max delays, false-path exceptions, or max skew assignments found ;
; SW[5]      ; No input delay, min/max delays, false-path exceptions, or max skew assignments found ;
; SW[6]      ; No input delay, min/max delays, false-path exceptions, or max skew assignments found ;
; SW[7]      ; No input delay, min/max delays, false-path exceptions, or max skew assignments found ;
; SW[8]      ; No input delay, min/max delays, false-path exceptions, or max skew assignments found ;
; SW[9]      ; No input delay, min/max delays, false-path exceptions, or max skew assignments found ;
; SW[10]     ; No input delay, min/max delays, false-path exceptions, or max skew assignments found ;
; SW[11]     ; No input delay, min/max delays, false-path exceptions, or max skew assignments found ;
; SW[12]     ; No input delay, min/max delays, false-path exceptions, or max skew assignments found ;
; SW[13]     ; No input delay, min/max delays, false-path exceptions, or max skew assignments found ;
; SW[14]     ; No input delay, min/max delays, false-path exceptions, or max skew assignments found ;
; SW[15]     ; No input delay, min/max delays, false-path exceptions, or max skew assignments found ;
; SW[16]     ; No input delay, min/max delays, false-path exceptions, or max skew assignments found ;
; SW[17]     ; No input delay, min/max delays, false-path exceptions, or max skew assignments found ;
; rst_n      ; No input delay, min/max delays, false-path exceptions, or max skew assignments found ;
+------------+--------------------------------------------------------------------------------------+


+-----------------------------------------------------------------------------------------------------+
; Unconstrained Output Ports                                                                          ;
+-------------+---------------------------------------------------------------------------------------+
; Output Port ; Comment                                                                               ;
+-------------+---------------------------------------------------------------------------------------+
; LEDG[0]     ; No output delay, min/max delays, false-path exceptions, or max skew assignments found ;
; LEDG[1]     ; No output delay, min/max delays, false-path exceptions, or max skew assignments found ;
; LEDG[2]     ; No output delay, min/max delays, false-path exceptions, or max skew assignments found ;
; LEDG[3]     ; No output delay, min/max delays, false-path exceptions, or max skew assignments found ;
; LEDG[4]     ; No output delay, min/max delays, false-path exceptions, or max skew assignments found ;
; LEDG[5]     ; No output delay, min/max delays, false-path exceptions, or max skew assignments found ;
; LEDG[6]     ; No output delay, min/max delays, false-path exceptions, or max skew assignments found ;
; LEDG[7]     ; No output delay, min/max delays, false-path exceptions, or max skew assignments found ;
; LEDG[8]     ; No output delay, min/max delays, false-path exceptions, or max skew assignments found ;
; LEDR[0]     ; No output delay, min/max delays, false-path exceptions, or max skew assignments found ;
; LEDR[1]     ; No output delay, min/max delays, false-path exceptions, or max skew assignments found ;
; LEDR[2]     ; No output delay, min/max delays, false-path exceptions, or max skew assignments found ;
; LEDR[3]     ; No output delay, min/max delays, false-path exceptions, or max skew assignments found ;
; LEDR[4]     ; No output delay, min/max delays, false-path exceptions, or max skew assignments found ;
; LEDR[5]     ; No output delay, min/max delays, false-path exceptions, or max skew assignments found ;
; LEDR[6]     ; No output delay, min/max delays, false-path exceptions, or max skew assignments found ;
; LEDR[7]     ; No output delay, min/max delays, false-path exceptions, or max skew assignments found ;
; LEDR[8]     ; No output delay, min/max delays, false-path exceptions, or max skew assignments found ;
; LEDR[9]     ; No output delay, min/max delays, false-path exceptions, or max skew assignments found ;
; LEDR[10]    ; No output delay, min/max delays, false-path exceptions, or max skew assignments found ;
; LEDR[11]    ; No output delay, min/max delays, false-path exceptions, or max skew assignments found ;
; LEDR[12]    ; No output delay, min/max delays, false-path exceptions, or max skew assignments found ;
; LEDR[13]    ; No output delay, min/max delays, false-path exceptions, or max skew assignments found ;
; LEDR[14]    ; No output delay, min/max delays, false-path exceptions, or max skew assignments found ;
; LEDR[15]    ; No output delay, min/max delays, false-path exceptions, or max skew assignments found ;
; LEDR[16]    ; No output delay, min/max delays, false-path exceptions, or max skew assignments found ;
; LEDR[17]    ; No output delay, min/max delays, false-path exceptions, or max skew assignments found ;
; PC[0]       ; No output delay, min/max delays, false-path exceptions, or max skew assignments found ;
; PC[1]       ; No output delay, min/max delays, false-path exceptions, or max skew assignments found ;
; PC[2]       ; No output delay, min/max delays, false-path exceptions, or max skew assignments found ;
; PC[3]       ; No output delay, min/max delays, false-path exceptions, or max skew assignments found ;
; PC[4]       ; No output delay, min/max delays, false-path exceptions, or max skew assignments found ;
; PC[5]       ; No output delay, min/max delays, false-path exceptions, or max skew assignments found ;
; PC[6]       ; No output delay, min/max delays, false-path exceptions, or max skew assignments found ;
; PC[7]       ; No output delay, min/max delays, false-path exceptions, or max skew assignments found ;
; PC[8]       ; No output delay, min/max delays, false-path exceptions, or max skew assignments found ;
; PC[9]       ; No output delay, min/max delays, false-path exceptions, or max skew assignments found ;
; PC[10]      ; No output delay, min/max delays, false-path exceptions, or max skew assignments found ;
; PC[11]      ; No output delay, min/max delays, false-path exceptions, or max skew assignments found ;
; PC[12]      ; No output delay, min/max delays, false-path exceptions, or max skew assignments found ;
; PC[13]      ; No output delay, min/max delays, false-path exceptions, or max skew assignments found ;
; PC[14]      ; No output delay, min/max delays, false-path exceptions, or max skew assignments found ;
; PC[15]      ; No output delay, min/max delays, false-path exceptions, or max skew assignments found ;
; PC[16]      ; No output delay, min/max delays, false-path exceptions, or max skew assignments found ;
; PC[17]      ; No output delay, min/max delays, false-path exceptions, or max skew assignments found ;
; PC[18]      ; No output delay, min/max delays, false-path exceptions, or max skew assignments found ;
; PC[19]      ; No output delay, min/max delays, false-path exceptions, or max skew assignments found ;
; PC[20]      ; No output delay, min/max delays, false-path exceptions, or max skew assignments found ;
; PC[21]      ; No output delay, min/max delays, false-path exceptions, or max skew assignments found ;
; PC[22]      ; No output delay, min/max delays, false-path exceptions, or max skew assignments found ;
; PC[23]      ; No output delay, min/max delays, false-path exceptions, or max skew assignments found ;
; PC[24]      ; No output delay, min/max delays, false-path exceptions, or max skew assignments found ;
; PC[25]      ; No output delay, min/max delays, false-path exceptions, or max skew assignments found ;
; PC[26]      ; No output delay, min/max delays, false-path exceptions, or max skew assignments found ;
; PC[27]      ; No output delay, min/max delays, false-path exceptions, or max skew assignments found ;
; PC[28]      ; No output delay, min/max delays, false-path exceptions, or max skew assignments found ;
; PC[29]      ; No output delay, min/max delays, false-path exceptions, or max skew assignments found ;
; PC[30]      ; No output delay, min/max delays, false-path exceptions, or max skew assignments found ;
; PC[31]      ; No output delay, min/max delays, false-path exceptions, or max skew assignments found ;
+-------------+---------------------------------------------------------------------------------------+


+---------------------------------------------------------------------------------------------------+
; Unconstrained Input Ports                                                                         ;
+------------+--------------------------------------------------------------------------------------+
; Input Port ; Comment                                                                              ;
+------------+--------------------------------------------------------------------------------------+
; KEY[1]     ; No input delay, min/max delays, false-path exceptions, or max skew assignments found ;
; KEY[2]     ; No input delay, min/max delays, false-path exceptions, or max skew assignments found ;
; KEY[3]     ; No input delay, min/max delays, false-path exceptions, or max skew assignments found ;
; SW[0]      ; No input delay, min/max delays, false-path exceptions, or max skew assignments found ;
; SW[1]      ; No input delay, min/max delays, false-path exceptions, or max skew assignments found ;
; SW[2]      ; No input delay, min/max delays, false-path exceptions, or max skew assignments found ;
; SW[3]      ; No input delay, min/max delays, false-path exceptions, or max skew assignments found ;
; SW[4]      ; No input delay, min/max delays, false-path exceptions, or max skew assignments found ;
; SW[5]      ; No input delay, min/max delays, false-path exceptions, or max skew assignments found ;
; SW[6]      ; No input delay, min/max delays, false-path exceptions, or max skew assignments found ;
; SW[7]      ; No input delay, min/max delays, false-path exceptions, or max skew assignments found ;
; SW[8]      ; No input delay, min/max delays, false-path exceptions, or max skew assignments found ;
; SW[9]      ; No input delay, min/max delays, false-path exceptions, or max skew assignments found ;
; SW[10]     ; No input delay, min/max delays, false-path exceptions, or max skew assignments found ;
; SW[11]     ; No input delay, min/max delays, false-path exceptions, or max skew assignments found ;
; SW[12]     ; No input delay, min/max delays, false-path exceptions, or max skew assignments found ;
; SW[13]     ; No input delay, min/max delays, false-path exceptions, or max skew assignments found ;
; SW[14]     ; No input delay, min/max delays, false-path exceptions, or max skew assignments found ;
; SW[15]     ; No input delay, min/max delays, false-path exceptions, or max skew assignments found ;
; SW[16]     ; No input delay, min/max delays, false-path exceptions, or max skew assignments found ;
; SW[17]     ; No input delay, min/max delays, false-path exceptions, or max skew assignments found ;
; rst_n      ; No input delay, min/max delays, false-path exceptions, or max skew assignments found ;
+------------+--------------------------------------------------------------------------------------+


+-----------------------------------------------------------------------------------------------------+
; Unconstrained Output Ports                                                                          ;
+-------------+---------------------------------------------------------------------------------------+
; Output Port ; Comment                                                                               ;
+-------------+---------------------------------------------------------------------------------------+
; LEDG[0]     ; No output delay, min/max delays, false-path exceptions, or max skew assignments found ;
; LEDG[1]     ; No output delay, min/max delays, false-path exceptions, or max skew assignments found ;
; LEDG[2]     ; No output delay, min/max delays, false-path exceptions, or max skew assignments found ;
; LEDG[3]     ; No output delay, min/max delays, false-path exceptions, or max skew assignments found ;
; LEDG[4]     ; No output delay, min/max delays, false-path exceptions, or max skew assignments found ;
; LEDG[5]     ; No output delay, min/max delays, false-path exceptions, or max skew assignments found ;
; LEDG[6]     ; No output delay, min/max delays, false-path exceptions, or max skew assignments found ;
; LEDG[7]     ; No output delay, min/max delays, false-path exceptions, or max skew assignments found ;
; LEDG[8]     ; No output delay, min/max delays, false-path exceptions, or max skew assignments found ;
; LEDR[0]     ; No output delay, min/max delays, false-path exceptions, or max skew assignments found ;
; LEDR[1]     ; No output delay, min/max delays, false-path exceptions, or max skew assignments found ;
; LEDR[2]     ; No output delay, min/max delays, false-path exceptions, or max skew assignments found ;
; LEDR[3]     ; No output delay, min/max delays, false-path exceptions, or max skew assignments found ;
; LEDR[4]     ; No output delay, min/max delays, false-path exceptions, or max skew assignments found ;
; LEDR[5]     ; No output delay, min/max delays, false-path exceptions, or max skew assignments found ;
; LEDR[6]     ; No output delay, min/max delays, false-path exceptions, or max skew assignments found ;
; LEDR[7]     ; No output delay, min/max delays, false-path exceptions, or max skew assignments found ;
; LEDR[8]     ; No output delay, min/max delays, false-path exceptions, or max skew assignments found ;
; LEDR[9]     ; No output delay, min/max delays, false-path exceptions, or max skew assignments found ;
; LEDR[10]    ; No output delay, min/max delays, false-path exceptions, or max skew assignments found ;
; LEDR[11]    ; No output delay, min/max delays, false-path exceptions, or max skew assignments found ;
; LEDR[12]    ; No output delay, min/max delays, false-path exceptions, or max skew assignments found ;
; LEDR[13]    ; No output delay, min/max delays, false-path exceptions, or max skew assignments found ;
; LEDR[14]    ; No output delay, min/max delays, false-path exceptions, or max skew assignments found ;
; LEDR[15]    ; No output delay, min/max delays, false-path exceptions, or max skew assignments found ;
; LEDR[16]    ; No output delay, min/max delays, false-path exceptions, or max skew assignments found ;
; LEDR[17]    ; No output delay, min/max delays, false-path exceptions, or max skew assignments found ;
; PC[0]       ; No output delay, min/max delays, false-path exceptions, or max skew assignments found ;
; PC[1]       ; No output delay, min/max delays, false-path exceptions, or max skew assignments found ;
; PC[2]       ; No output delay, min/max delays, false-path exceptions, or max skew assignments found ;
; PC[3]       ; No output delay, min/max delays, false-path exceptions, or max skew assignments found ;
; PC[4]       ; No output delay, min/max delays, false-path exceptions, or max skew assignments found ;
; PC[5]       ; No output delay, min/max delays, false-path exceptions, or max skew assignments found ;
; PC[6]       ; No output delay, min/max delays, false-path exceptions, or max skew assignments found ;
; PC[7]       ; No output delay, min/max delays, false-path exceptions, or max skew assignments found ;
; PC[8]       ; No output delay, min/max delays, false-path exceptions, or max skew assignments found ;
; PC[9]       ; No output delay, min/max delays, false-path exceptions, or max skew assignments found ;
; PC[10]      ; No output delay, min/max delays, false-path exceptions, or max skew assignments found ;
; PC[11]      ; No output delay, min/max delays, false-path exceptions, or max skew assignments found ;
; PC[12]      ; No output delay, min/max delays, false-path exceptions, or max skew assignments found ;
; PC[13]      ; No output delay, min/max delays, false-path exceptions, or max skew assignments found ;
; PC[14]      ; No output delay, min/max delays, false-path exceptions, or max skew assignments found ;
; PC[15]      ; No output delay, min/max delays, false-path exceptions, or max skew assignments found ;
; PC[16]      ; No output delay, min/max delays, false-path exceptions, or max skew assignments found ;
; PC[17]      ; No output delay, min/max delays, false-path exceptions, or max skew assignments found ;
; PC[18]      ; No output delay, min/max delays, false-path exceptions, or max skew assignments found ;
; PC[19]      ; No output delay, min/max delays, false-path exceptions, or max skew assignments found ;
; PC[20]      ; No output delay, min/max delays, false-path exceptions, or max skew assignments found ;
; PC[21]      ; No output delay, min/max delays, false-path exceptions, or max skew assignments found ;
; PC[22]      ; No output delay, min/max delays, false-path exceptions, or max skew assignments found ;
; PC[23]      ; No output delay, min/max delays, false-path exceptions, or max skew assignments found ;
; PC[24]      ; No output delay, min/max delays, false-path exceptions, or max skew assignments found ;
; PC[25]      ; No output delay, min/max delays, false-path exceptions, or max skew assignments found ;
; PC[26]      ; No output delay, min/max delays, false-path exceptions, or max skew assignments found ;
; PC[27]      ; No output delay, min/max delays, false-path exceptions, or max skew assignments found ;
; PC[28]      ; No output delay, min/max delays, false-path exceptions, or max skew assignments found ;
; PC[29]      ; No output delay, min/max delays, false-path exceptions, or max skew assignments found ;
; PC[30]      ; No output delay, min/max delays, false-path exceptions, or max skew assignments found ;
; PC[31]      ; No output delay, min/max delays, false-path exceptions, or max skew assignments found ;
+-------------+---------------------------------------------------------------------------------------+


+--------------------------+
; Timing Analyzer Messages ;
+--------------------------+
Info: *******************************************************************
Info: Running Quartus Prime Timing Analyzer
    Info: Version 21.1.1 Build 850 06/23/2022 SJ Lite Edition
    Info: Processing started: Mon Apr 27 13:14:25 2026
Info: Command: quartus_sta lab6 -c lab6
Info: qsta_default_script.tcl version: #1
Warning (18236): Number of processors has not been specified which may cause overloading on shared machines.  Set the global assignment NUM_PARALLEL_PROCESSORS in your QSF to an appropriate value for best performance.
Info (20030): Parallel compilation is enabled and will use 16 of the 16 processors detected
Info (21077): Low junction temperature is 0 degrees C
Info (21077): High junction temperature is 85 degrees C
Critical Warning (332012): Synopsys Design Constraints File file not found: 'lab6.sdc'. A Synopsys Design Constraints File is required by the Timing Analyzer to get proper timing constraints. Without it, the Compiler will not properly optimize the design.
Info (332142): No user constrained generated clocks found in the design. Calling "derive_pll_clocks -create_base_clocks"
Info (332110): Deriving PLL clocks
    Info (332110): create_clock -period 20.000 -waveform {0.000 10.000} -name clk clk
    Info (332110): create_generated_clock -source {pll_inst|altpll_component|auto_generated|pll1|inclk[0]} -divide_by 5 -duty_cycle 50.00 -name {pll_inst|altpll_component|auto_generated|pll1|clk[0]} {pll_inst|altpll_component|auto_generated|pll1|clk[0]}
Info (332142): No user constrained base clocks found in the design. Calling "derive_clocks -period 1.0"
Info (332096): The command derive_clocks did not find any clocks to derive.  No clocks were created or changed.
Info (332143): No user constrained clock uncertainty found in the design. Calling "derive_clock_uncertainty"
Info (332123): Deriving Clock Uncertainty. Please refer to report_sdc in the Timing Analyzer to see clock uncertainties.
Info: Found TIMING_ANALYZER_REPORT_SCRIPT_INCLUDE_DEFAULT_ANALYSIS = ON
Info: Analyzing Slow 1200mV 85C Model
Info (332146): Worst-case setup slack is 61.244
    Info (332119):     Slack       End Point TNS Clock 
    Info (332119): ========= =================== =====================
    Info (332119):    61.244               0.000 pll_inst|altpll_component|auto_generated|pll1|clk[0] 
Info (332146): Worst-case hold slack is 0.442
    Info (332119):     Slack       End Point TNS Clock 
    Info (332119): ========= =================== =====================
    Info (332119):     0.442               0.000 pll_inst|altpll_component|auto_generated|pll1|clk[0] 
Info (332140): No Recovery paths to report
Info (332140): No Removal paths to report
Info (332146): Worst-case minimum pulse width slack is 9.891
    Info (332119):     Slack       End Point TNS Clock 
    Info (332119): ========= =================== =====================
    Info (332119):     9.891               0.000 clk 
    Info (332119):    49.705               0.000 pll_inst|altpll_component|auto_generated|pll1|clk[0] 
Info: Analyzing Slow 1200mV 0C Model
Info (334003): Started post-fitting delay annotation
Info (334004): Delay annotation completed successfully
Info (332123): Deriving Clock Uncertainty. Please refer to report_sdc in the Timing Analyzer to see clock uncertainties.
Info (332146): Worst-case setup slack is 64.229
    Info (332119):     Slack       End Point TNS Clock 
    Info (332119): ========= =================== =====================
    Info (332119):    64.229               0.000 pll_inst|altpll_component|auto_generated|pll1|clk[0] 
Info (332146): Worst-case hold slack is 0.400
    Info (332119):     Slack       End Point TNS Clock 
    Info (332119): ========= =================== =====================
    Info (332119):     0.400               0.000 pll_inst|altpll_component|auto_generated|pll1|clk[0] 
Info (332140): No Recovery paths to report
Info (332140): No Removal paths to report
Info (332146): Worst-case minimum pulse width slack is 9.887
    Info (332119):     Slack       End Point TNS Clock 
    Info (332119): ========= =================== =====================
    Info (332119):     9.887               0.000 clk 
    Info (332119):    49.708               0.000 pll_inst|altpll_component|auto_generated|pll1|clk[0] 
Info: Analyzing Fast 1200mV 0C Model
Info (332123): Deriving Clock Uncertainty. Please refer to report_sdc in the Timing Analyzer to see clock uncertainties.
Info (332146): Worst-case setup slack is 79.462
    Info (332119):     Slack       End Point TNS Clock 
    Info (332119): ========= =================== =====================
    Info (332119):    79.462               0.000 pll_inst|altpll_component|auto_generated|pll1|clk[0] 
Info (332146): Worst-case hold slack is 0.199
    Info (332119):     Slack       End Point TNS Clock 
    Info (332119): ========= =================== =====================
    Info (332119):     0.199               0.000 pll_inst|altpll_component|auto_generated|pll1|clk[0] 
Info (332140): No Recovery paths to report
Info (332140): No Removal paths to report
Info (332146): Worst-case minimum pulse width slack is 9.574
    Info (332119):     Slack       End Point TNS Clock 
    Info (332119): ========= =================== =====================
    Info (332119):     9.574               0.000 clk 
    Info (332119):    49.779               0.000 pll_inst|altpll_component|auto_generated|pll1|clk[0] 
Info (332102): Design is not fully constrained for setup requirements
Info (332102): Design is not fully constrained for hold requirements
Info: Quartus Prime Timing Analyzer was successful. 0 errors, 2 warnings
    Info: Peak virtual memory: 5163 megabytes
    Info: Processing ended: Mon Apr 27 13:14:30 2026
    Info: Elapsed time: 00:00:05
    Info: Total CPU time (on all processors): 00:00:07


